,nome_agriturismo,indirizzo_agriturismo,telefono,attivo_da,pec,sito_internet,malga,azienda_zootecnica,fattoria_didattica,tot_posti_letto,tot_posti_tavola,degustazione,colazione,class_margherite,altitudine,latitudine,longitudine,comune,cap
0,MONTIBELLER,VIA PROSE N. 1,0461773349,1987,az.montibeller@pec.it,,NO,no,SI,24,60,SI,SI,2.0,535,46.0469731,11.4109589,Roncegno terme,38050
1,FONTANARI ETTORE,VIA CHIMELLI N. 25,0461530023,1987,ettore.fontanari@pec.agritel.it,,NO,no,NO,9,0,NO,NO,2.0,482,46.0625206,11.2405473,Pergine Valsugana,38057
2,MALGA MONDIFRA,LOC. CAMPOCARLOMAGNO,0463985413,1987,cicolini.ivo@cia.legalmail.it,,SI,no,NO,0,54,SI,NO,3.0,782,0.0,0.0,Dimaro Folgarida,38025
3,MALGA ROLLE,LOCALITÀ PASSO ROLLE,043962941,1987,caseificioprimiero@pec.cooperazionetrentina.it,,SI,no,NO,0,51,NO,NO,3.0,2000,46.29633,11.78644,Primiero San Martino di Castrozza,38054
4,MALGA FOSSERNICA DI DENTRO,LOC. MALGA FOSSERNICA DI DENTRO,043962941,2011,caseificioprimiero@pec.cooperazionetrentina.it,,SI,no,NO,0,9,SI,NO,,1777,0.0,0.0,Canal San Bovo,38050
5,MALGA VENEGIOTA,MALGA VENEGIOTA,043964657,1987,malghepascoli@pec.coldiretti.it,,SI,no,NO,0,30,NO,NO,2.0,1824,46.3131012,11.8144906,Primiero San Martino di Castrozza,38054
6,MALGA JURIBELLO,MALGA JURIBELLO,20/0520717,1988,segreteria@pec.apatrento.it,,SI,no,NO,24,90,NO,SI,2.0,1900,46.3123427,11.7751257,Primiero San Martino di Castrozza,38054
7,MAS DEI OSTI,MASO OSTI N. 2,0461551334,1989,maria.moser@pec.agritel.it,,NO,no,NO,6,0,NO,NO,2.0,925,0.0,0.0,Sant'Orsola Terme,38050
8,GRUBER AL RIO MOLINI,VIA D. CHIESA N. 5,0461658659,1990,bruno.gruber@pec.agritel.it,,NO,no,NO,6,0,NO,SI,2.0,251,26.66667,87.5,Roverè della Luna,38030
9,MASO S. ROCCO,LOC. S. ROCCO N. 3,0461922785,1991,masosanrocco@pec-ditta.it,,NO,no,NO,0,45,NO,NO,3.0,340,46.0341693,11.1454502,Trento,38121
10,MASO ZANON,VIA CERIN N. 15,0462814215,1991,marialuisa.bertoluzza@pec.agritel.it,,NO,SI,NO,0,46,NO,NO,2.0,1000,2.7373,31.88644,Tesero,38038
11,AGRITUR FIOR DI MELO,VIA BERGAMO N. 15,0463451090,1992,bergamo.franco60@cia.legalmail.it,www.agriturfiordimelo.it,NO,no,NO,4,0,NO,NO,2.0,550,2.7373,31.88644,Ville d'Anaunia,38019
12,AGRITUR VOLPAIA,LOC. VOLPAIA N. 3,3387258714,1992,sergio.panizza@pec.agritel.it,www.agriturvolpaia.it,NO,SI,SI,13,55,SI,SI,4.0,1270,26.91667,87.91667,Vermiglio,38029
13,AGRITUR MIRELLA,FRAZ. MIONE N. 21,0463530328,1992,mirella.paris@pec.agritel.it,,NO,SI,NO,0,28,NO,NO,2.0,939,4.96887,7.65985,Rumo,38020
14,AGRITUR VIVALDI,VIA STRADA GRANDA N. 108,0464506185,1993,antonio.vivaldi@pec.agritel.it,,NO,no,NO,28,0,NO,NO,2.0,85,45.8771099,10.8772788,Nago-Torbole,38069
15,LEONARDELLI PIO,TAVON - VIA MIRAMONTI ,0463536335,1993,pio.leonardelli@pec.agritel.it,,NO,no,NO,32,0,NO,NO,2.0,831,43.86258,11.26497,Predaia,38012
16,AGRITUR LEITA,VIA S. EMERENZIANA N. 40,0463451372,1993,giovanni.leita@pec.agritel.it,www.agriturismo-leita.it,NO,no,SI,10,0,SI,SI,5.0,629,17.83333,79.08333,Ville d'Anaunia,38019
17,BAGOLIN,FRAZ. VIGO - VIA VALLE N. 23,0463657818,1993,agritur.melchiorilivio@pec.it,NO SITO,NO,no,NO,9,25,NO,SI,3.0,452,2.7373,31.88644,Ton,38010
18,AGRITUR ODORIZZI,VIA F.LLI PINAMONTI N. 52 - FRAZ. RALLO,0463450294,1993,odorizzi.michele@cia.legalmail.it,www.agriturodorizzi.it,NO,no,NO,10,0,NO,NO,2.0,605,0.0,0.0,Ville d'Anaunia,38019
19,MARTINELLI LAURO,MASO DOSS N. 4,0461722125,1993,agriturmartinelli@pec.it,,NO,no,NO,0,50,SI,NO,3.0,832,45.9619181,11.2315121,Altopiano della Vigolana,38049
20,AGRITUR LE VALE,LOC. VALE,043964722,1995,martina.simoni@pec.agritel.it,,NO,no,NO,18,50,NO,SI,3.0,746,43.98211,-117.23823,Primiero San Martino di Castrozza,38054
21,GIRONIMI VITTORIO,VIA F. FILZI N. 8,0463432396,1996,vgironimi@pec.it,,NO,no,NO,2,0,NO,NO,2.0,724,2.7373,31.88644,Novella,38021
22,GIRONIMI FRANCESCO,P.ZZA CLAUSURA N. 6,0463432618,1997,francesco.gironimi@pec.it,,NO,no,NO,5,0,NO,NO,2.0,724,26.66667,87.16667,Novella,38021
23,AGRITUR SOTTOILMELO,VIA DEL BRÈNZ N. 40 - FRAZ. BORDIANA,0463901632,1997,agritur@pec.agritursottoilmelo.it,www.agritursottoilmelo.it,NO,no,NO,28,0,NO,SI,4.0,670,0.0,0.0,Caldes,38022
24,ZAMBOTTI FABIO,LOC. DAI LOMASONE ,0465701213,1997,fabio.zambotti@pec.agritel.it,,NO,no,NO,6,0,NO,NO,2.0,492,0.0,0.0,Comano Terme,38077
25,MASO SANTA ROMINA,LOC. PIANAZZI,0439719459,1997,mirella.simoni@pec.agritel.it,,NO,SI,NO,0,33,NO,NO,2.0,757,0.0,0.0,Canal San Bovo,38050
26,MAS DALA VAL,MASO MOLIN N. 19,0463870038,1997,seppi.dario@lamiapec.it,www.masdalaval.it,NO,SI,SI,18,60,SI,SI,3.0,1175,2.7373,31.88644,Ruffrè-Mendola,38010
27,SOLASNA,FRAZ. S. GIACOMO,0463902073,1997,andreisnicoletta@pec.it,www.agritursolasna.it,NO,no,SI,5,25,SI,SI,4.0,697,0.0,0.0,Caldes,38022
28,FANTELLI,VIA S.  VALENTI N. 41,0463973376,1997,nicola.fantelli@pec.agritel.it,,NO,SI,NO,11,0,NO,NO,3.0,766,2.7373,31.88644,Dimaro Folgarida,38025
29,AGRITURISMO DELLA GENS PAOLAZZI,LOC. PONCIACH N.7,3348656271,1997,rocco.paolazzi@pec.agritel.it,,NO,no,NO,4,60,NO,NO,3.0,673,2.7373,31.88644,Altavalle,38092
30,MINA,P.ZZA DON V. PISONI,3409381230,1998,no pec,,NO,no,NO,10,0,NO,NO,1.0,468,0.0,0.0,Madruzzo,38076
31,AGRITUR MONTE OZOL,VIA F. FILZI N. 27,3474711167,1998,marco.fellin@pec.agritel.it,www.agriturmonteozol.it,NO,no,NO,20,0,NO,NO,3.0,726,2.7373,31.88644,Novella,38021
32,MONTE VELO,LOC. MONTE VELO,0464517021,1998,fulvio.torboli@pec.agritel.it,,NO,no,NO,8,40,SI,SI,2.0,1100,37.9761,22.75985,Arco,38062
33,AGRITUR GRAIFF,VIA DI S. BARTOLOMEO N. 72,0463875298,1998,graiff.rita@pec.it,,NO,no,NO,17,0,NO,SI,2.0,924,51.0,16.5,Romeno,38010
34,SALIZZONI VALTER,VIA A. VALENTINI N. 31,0464834087,1998,salizzoni@pec.it,,NO,no,NO,22,0,SI,SI,3.0,187,2.7373,31.88644,Calliano,38060
35,ALPINO,VIA ALLA CROCE N. 9 ,0461654298,1999,giuseppe.daldoss@pec.agritel.it,,NO,no,NO,13,25,NO,SI,2.0,864,27.58333,87.33333,Cavedago,38010
36,NONES,LOC. MEDOINA N. 2,0462341124,1999,luigina.zanol@pec.agritel.it,,NO,no,NO,6,0,NO,NO,3.0,965,46.2834438,11.4419487,Castello-Molina di Fiemme,38030
37,MASO FRON,VIA SEGANTINI N. 49,3355468442,2000,piergiorgio.trapin@pec.agritel.it,,NO,no,NO,21,0,NO,NO,2.0,219,46.2116688,11.1225634,Mezzocorona,38016
38,BELLA VISTA,LOC. CORTESANO - VIA CANOPE N. 62 - MEANO,0340526939,2000,ferruccio.pisetta@cia.legalmail.it,,NO,no,NO,0,30,NO,NO,2.0,500,42.44661,-8.78122,Trento,38121
39,CHELODI,VIA PILLOCCO N. 3,0462342932,2000,massimo.chelodi@pec.agritel.it,,NO,SI,NO,6,0,NO,NO,2.0,1000,46.2856267,11.4551949,Cavalese,38033
40,MALGA SALANZADA,LOC. SALANZADA,0462342932,2000,massimo.chelodi@pec.agritel.it,,SI,no,NO,0,70,NO,NO,2.0,1000,46.27505,11.46547,Cavalese,38033
41,LA TRISA,VIA ALLA SEGA  2,665-503009,2000,infofattoriarendena@pec.agritel.it,www.fattoria-rendena.it,NO,SI,SI,0,60,SI,NO,4.0,770,46.147379,10.7715079,Giustino,38086
42,AGRITUR LA LANTERNA,LOC. MASI DI SORNI N.12,0461870003,2000,alberto.giovannini@pec.it,,NO,no,NO,0,40,NO,NO,2.0,238,2.7373,31.88644,Lavis,38015
43,MADDALENE,VIA LANZA N. 24,0463530276,2000,agnese.kollmann@pec.agritel.it,http://spazioinwind.libero.it/agriturmaddalene,NO,no,NO,6,0,NO,NO,4.0,1100,2.7373,31.88644,Rumo,38020
44,DEROMEDI,VIALE DEGASPERI N. 118,3487629963,2000,agriturderomedi@pec.it,www.deromedi.it,NO,no,NO,15,0,NO,SI,3.0,658,2.7373,31.88644,Cles,38023
45,AL RANCH,MASO COFLARI N. 9,335-434161,2000,massimo.seppi@pec.agritel.it,www.coflariranch.it,NO,SI,SI,5,50,NO,SI,4.0,1175,46.4133457,11.1821854,Ruffrè-Mendola,38010
46,AL MARTER,VIA BISTI N. 2,0464596007,2001,bruno.ribaga@pec.agritel.it,www.agrituralmarter.it,NO,no,NO,13,35,NO,SI,3.0,744,47.28167,8.45023,Ledro,38067
47,EDEN MARONE,VIA MARONE N. 15,0464521520,2001,valter.girardelli@pec.agritel.it,,NO,no,NO,27,53,SI,SI,4.0,73,45.8966638,10.8383443,Riva del Garda,38066
48,MASO CORRADINI,VIA MILANO N. 28,0462231010,2001,monica.giupponi@pec.agritel.it,www.agriturismocorradini.it,NO,SI,SI,20,45,SI,SI,5.0,960,46.2802891,11.4334368,Castello-Molina di Fiemme,38030
49,AI MOLINI,VIA MOLINI N. 8 (P.ED. 227 ALLOGGIO) E (P.ED. 274 RISTORO),3888152055,2001,zenimichele@pec.it,,NO,no,NO,0,40,NO,NO,3.0,595,2.7373,31.88644,San Michele all'Adige,38010
50,"AZ. AGRICOLA AGOSTINI DI AGOSTINI DARIO, PATRIZIA E STEFANO S.S.",VIA SANTUARIO N. 25 - FRAZ. TAVON,0463536454,2001,azagragostiniss@pec.it,www.agritur-agostini.it,NO,no,SI,22,60,NO,SI,4.0,830,0.0,0.0,Predaia,38012
51,VINERIA DE TARCZAL,VIA G. B. MIORI N. 4 - FRAZ. MARANO,0464409134,2002,detarczal@pec.it,www.detarczal.com,NO,no,NO,0,40,NO,NO,3.0,240,45.696,11.43237,Isera,38060
52,PRA-SEC,VIA DI MALEBIS N. 1A - ROMAGNANO,0461349204,2002,agriturpra-sec@pec.it,,NO,no,NO,29,0,NO,NO,2.0,200,45.63279,8.38697,Trento,38121
53,MASO VAL AVERTA,VIA PRENNER N. 11,0462571463,2002,masovalaverta@pec.it,,NO,SI,NO,12,40,NO,SI,4.0,1003,2.7373,31.88644,Ziano di Fiemme,38030
54,AGRITUR AL FIUME,VIA GRANDE CIRCONVALLAZIONE N. 2,0464519640,2002,alfiume@pec.trovarti.it,,NO,no,NO,26,0,NO,NO,2.0,91,45.9090085,10.8788249,Arco,38062
55,MASO LIZZONE,LOC. LIZZONE,3355945728,2002,brighentilino@pecancit.it,www.masolizzone.com,NO,no,NO,14,0,NO,SI,2.0,120,0.0,0.0,Dro,38074
56,BRESCIANI,VIA FORNACI N. 27 - FRAZ. ROMARZOLLO,0464518127,2002,mario.bresciani@pec.agritel.it,,NO,no,NO,12,0,NO,NO,2.0,91,0.0,0.0,Arco,38062
57,MASO TESADRI,LOC. BORCENIGA N. 195 - FRAZ. JAVRÈ,33/6457099,2002,cantonatidino@pec.it,,NO,no,NO,21,0,NO,NO,3.0,608,0.0,0.0,Porte di Rendena,38094
58,DA VALENTINO,VIA CARMELO N. 1,0461583063,2002,perlot.francesco@cia.legalmail.it,,NO,no,NO,0,25,NO,NO,2.0,958,47.27541,8.4897,Fai della Paganella,38010
59,AL PICCHIO,CONTRADA SDRUZZINA' 20,0464672825,2002,aziendaagricolatroiani@pec.coldiretti.it,www.agrituralpicchio.it,NO,no,NO,20,0,NO,SI,3.0,160,45.74063,10.9792,Ala,38061
60,MASO TAFOL,MASO TAFOL,33/3655523,2002,bruno.clauser@pec.agritel.it,NO SITO,NO,no,NO,12,0,NO,SI,2.0,890,46.414828,11.0710166,Novella,38021
61,MALGA MORTIGOLA,LOC. MORTIGOLA N. 30,0464391555,2003,leonardo.bongiovanni1973@pec.agritel.it,www.agriturmalgamortigola.it,SI,no,SI,13,25,SI,SI,3.0,1200,2.7373,31.88644,Brentonico,38060
62,AGRITUR MICHELOTTI GIANCARLO,VIA SOCCESURE N. 2,0464516272,2003,no pec,,NO,no,NO,17,0,NO,NO,2.0,90,45.9144172,10.9036426,Arco,38062
63,CORTE DELLE RONDINI,VIA CARLO DEVIGILI N. 29,0461604426,2003,fabio.bebber@pec.agritel.it,,NO,no,NO,9,0,NO,SI,4.0,229,46.2096443,11.0988363,Mezzolombardo,38017
64,MALGA SAN PELLEGRINO,LOCALITÀ SAN PELLEGRINO,0462573020,2003,lanegritella@pec.coldiretti.it,,SI,no,NO,0,60,NO,NO,2.0,1184,45.83443,9.66753,Moena,38035
65,AGRITUR RENETTA,VIA DI CAMPO N. 12,3491728720,2003,giovanni.menapace@pec.agritel.it,www.agritur-renetta.it,NO,no,NO,29,0,NO,SI,4.0,546,46.3295908,11.0520204,Ville d'Anaunia,38019
66,MALGA MORTIGOLA,LOC. MORTIGOLA N. 4,0464391555,2003,marco.bongiovanni1978@pec.agritel.it,www.agriturmalgamortigola.it,SI,no,NO,0,60,SI,NO,2.0,1200,26.58333,87.91667,Brentonico,38060
67,MALGA DI FONDO,LOC. MALGA,3357560904,2003,aziendaagricolaalcastello@pec.confagricolturatn.it,,SI,no,NO,0,35,NO,NO,,987,0.0,0.0,Borgo d'Anaunia,38013
68,AGRITUR CASA AL CAMPO,VIA AL PONT N. 4,3385008438,2003,stefano.tisi@pec.agritel.it,www.casalcampo.com,NO,no,NO,14,30,NO,SI,5.0,770,46.141852,10.7689355,Giustino,38086
69,MASO POMAROLLI,LOC. MASO POMAROLLI N. 10,0461684570,2003,fratellifranch@pec.confagricolturatn.it,,NO,no,SI,15,15,SI,SI,4.0,630,2.7373,31.88644,Giovo,38030
70,AGRITUR LE ROBIE,LOC. LE ROBIE,3492427952,2003,vasco.andreolli@pec.agritel.it,www.lerobie.it,NO,no,SI,6,10,NO,SI,2.0,800,0.0,0.0,Brentonico,38060
71,MASO ALLE ROSE,VIA AL CANAL 1,3333880865,2004,diego.pederzolli@cia.legalmail.it,,NO,no,SI,18,38,SI,SI,4.0,669,-36.66667,-58.58333,Bleggio Superiore,38071
72,PRA' DEI PEZI,LOC. MESOLE N. 15,0461782043,2004,sandri@pec.confagricolturatn.it,,NO,no,NO,0,60,SI,NO,3.0,356,46.0394134,11.5263236,Castel Ivano,38059
73,CASA DONATI,FRAZ. BONO,0465702380,2004,duchidonati@pec.it,,NO,no,NO,6,0,NO,NO,2.0,523,35.90868,-90.80262,Comano Terme,38077
74,CASA ESSENIA,"VIA MON, 8",0465621965,2004,casaessenia@pec.agritel.it,www.casaessenia.it,NO,no,SI,8,0,SI,SI,3.0,440,16.25,97.75,Borgo Chiese,38083
75,LA CANONICA,"LOC. TRAVERSARA, 8",0463874399,2004,walter.menghini@cia.legalmail.it,www.agriturismo-lacanonica.it,NO,no,NO,15,0,SI,NO,4.0,792,44.41121,12.02522,Novella,38021
76,FANTELLI LUCIANO,VIA S. VALENTI N. 45,3393941264,2004,florfan@pec.it,,NO,no,NO,8,0,NO,NO,2.0,766,2.7373,31.88644,Dimaro Folgarida,38025
77,MUSEO DEL MIELE,VIA TOBIA N. 4 ,0464783315,2004,amelio.marigo@pec.agritel.it,,NO,SI,SI,0,0,NO,NO,2.0,1171,26.58333,87.91667,Lavarone,38046
78,PERLAIE,LOC. PERLAIE VIA DOLOMITI 5,0462342211,2004,info@pec.agriturperlaie.it,,NO,SI,NO,11,0,NO,NO,2.0,0,26.66667,87.5,Cavalese,38033
79,AGRITUR MASO PAN,LOC. PAN,0465804500,2004,mauro.polla@pec.agritel.it,www.agriturmasopan.it,NO,SI,NO,18,55,SI,SI,4.0,723,6.86814,101.25009,Caderzone Terme,38080
80,AGRITUR MANONCIN,LOC. MANONCIN,0465674393,2005,manoncin@pec.it,www.agriturmanoncin.it,NO,no,SI,8,10,NO,SI,3.0,790,0.0,0.0,Valdaone,38091
81,AGRITUR MASO OLIVA,VIA C. BATTISTI N. 70,0461605637,2004,paolo.devigili@pec.agritel.it,,NO,no,NO,0,20,SI,NO,2.0,0,2.7373,31.88644,Mezzocorona,38016
82,AZ.AGR. PIONER FRANCO,"VIA MARCHI, N. 15",0461764217,2005,pec.clienti@aclitrentine.legalmail.it,,NO,no,SI,0,0,NO,NO,1.0,0,46.0675969,11.4345691,Ronchi Valsugana,38050
83,AGRITUR CASA MIRAMONTI,VIA APENA N.3,0463536296,2005,no pec,,NO,no,NO,5,0,NO,SI,2.0,0,46.3498085,11.0842682,Predaia,38012
84,AGRITUR ALLA DECIMA,LOC.MATTARELLO - DECIMA N.26,0461944121,2005,posta@pec.ladecima.net,,NO,no,NO,26,0,NO,SI,3.0,200,2.7373,31.88644,Trento,38121
85,L'ABETE ROSSO,LOC. S. BARBARA,3496425620,2005,lorenzocampedelli@pec.it,,NO,no,SI,0,0,NO,NO,1.0,1250,43.58036,13.02736,Ronzo-Chienis,38060
86,IL GALLO,PATONE LOC. ALLA GIURA 1,3497326990,2005,marzio.patuzzi@cia.legalmail.it,,NO,no,NO,0,25,NO,NO,4.0,200,47.27541,8.4897,Isera,38060
87,AGRITUR DE PODA,VIA NAZIONALE N. 62,0461652067,2005,antonio.depoda@pec.agritel.it,NO SITO,NO,no,SI,20,0,NO,NO,2.0,574,46.299183,11.0310887,Contà,38093
88,CASA MELA,LOC.TOVARE N.16,3396856483,2005,agriturcasamela@pec.it,,NO,no,NO,18,0,NO,SI,3.0,400,2.7373,31.88644,Predaia,38012
89,LA CA' SUL LAGO,VIA DEI CAGNOTI N. 5 - 1,3408619298,2005,ioriatti.tarcisio@cia.legalmail.it,,NO,no,NO,15,60,SI,SI,4.0,800,47.27541,8.4897,Baselga di Pinè,38042
90,AGRITUR LE PERGOLE,"VIA CESUINO, N. 2/A",0464419035,2005,andrea.zandonai@pec.agritel.it,www.agriturlepergole.com,NO,no,NO,21,0,NO,SI,2.0,380,-5.875,39.32,Villa Lagarina,38060
91,AGRITUR SOLE BLU,"VIA 4 NOVEMBRE, N. 32",0461605242,2005,enrico.dalpiaz@pec.it,,NO,no,NO,25,0,NO,SI,3.0,0,2.7373,31.88644,Mezzocorona,38016
92,AGRITUR VAL D'ADIGE,"GARDOLO LOC. RONCAFORT, N. 78/A",3495530601,2005,diegobanal@pec.confagricolturatn.it,,NO,no,NO,21,0,NO,SI,3.0,0,-5.875,39.32,Trento,38121
93,MASO TALPINA,"LOC. TALPINA, N. 3",0464918532,2005,bisoffi.talpina@pec.confagricolturatn.it,,NO,no,NO,12,0,NO,NO,2.0,500,45.8363003,10.9902047,Mori,38065
94,AGRITUR AL CASTELLO,TOSS - LOC. NOSINO 1,0461657832,2005,vittorio.chilovi@cert.azrete.net,,NO,no,NO,7,0,NO,SI,3.0,0,47.27541,8.4897,Ton,38010
95,MASTRANGELO SIBILLA," LOC. LAGOLO VIA PRÀ BORAN, N. 6",3393362509,2005,sibilla.mastrangelo@pec.agritel.it,,NO,SI,SI,22,0,SI,SI,4.0,0,26.66667,87.16667,Madruzzo,38076
96,PEDROTTI LORENZO,POVO - VIA BORINO N. 73/A,0461811688,2006,lorenzo.pedrotti@pec.agritel.it,,NO,SI,SI,0,0,NO,NO,2.0,0,-5.875,39.32,Trento,38121
97,PIAZERA,VIA DOSSO DI BARCO N. 5,0464802743,2006,fedele.benedetti@pec.agritel.it,,NO,no,NO,10,0,NO,SI,2.0,0,45.8869735,10.949533,Ronzo-Chienis,38060
98,AGRITUR MASO GRENER,LOC. MASI DI PRESSANO 21,0461871567,2004,cinzia.giacomoni@pec.agritel.it,,NO,no,NO,16,0,NO,SI,4.0,280,46.1488652,11.1122994,Lavis,38015
99,PATERNOSTER ANDREA,"VIA CASTEL THUN, N. 8",0461657929,2006,mielithun@pec.it,,NO,no,SI,0,0,NO,NO,,452,46.2643061,11.0800999,Ton,38010
100,AGRITUR MASO PRA' CAVAI,"FRAZ. MADICE, LOC. MATON 1E 2",0465779438,2006,masopracavai@pec.it,www.masopracavai.com,NO,no,NO,17,0,SI,SI,4.0,600,47.28167,8.45023,Bleggio Superiore,38071
101,MASO MONGIDORI,LOC. MASO MONGIDORI,0461564360,2006,vitale.grosselli@pec.agritel.it,,NO,SI,SI,0,25,SI,NO,3.0,468,0.0,0.0,Madruzzo,38076
102,AGRITUR ALLE QUATTRO STAGIONI,VIA SANGUARNA N.  8/A E VIA DELLA CAVA N. 12,3396378243,2006,ivanykovych.halyna@cgn.legalmail.it,,NO,no,NO,14,0,NO,NO,3.0,746,0.96675,33.82622,Primiero San Martino di Castrozza,38054
103,AGRITUR WIDMANN RENZO,"VIA 4 NOVEMBRE, N. 59",0463536927,2006,renzo.widmann@pec.agritel.it,,NO,no,SI,21,0,NO,SI,2.0,831,46.3485547,11.0856891,Predaia,38012
104,BIOAGRITUR LE MILLEMELE,"VIA S. VIGILIO, N. 22",3383493331,2006,rampanelligiuseppe@pec.coldiretti.it,,NO,no,NO,30,25,SI,SI,3.0,229,46.2200494,11.0496772,Spormaggiore,38010
105,DALAIP DEI PAPE,LOC. DALAIBI,043962875,2006,agriturdalaip@pec.it,,NO,SI,SI,11,30,SI,SI,3.0,750,0.0,0.0,Primiero San Martino di Castrozza,38054
106,AGRITUR MANGIASA,"LOC. MANGIASA, N. 2",0463902123,2006,michelezanella@pec.it,www.agriturmangiasa.it,NO,no,NO,3,0,NO,NO,4.0,900,47.28167,8.45023,Malé,38027
107,AGRICAMPEGGIO AI GAGGI,"LOC. CLAIANO, 5 E 7 – TERMENAGO",0463751885,2005,diego.fezzi@pec.agritel.it,www.aigaggi.it,NO,SI,NO,7,0,NO,SI,4.0,925,46.3163,10.76606,Pellizzano,38020
108,MALGA LOZEN,LOC. GUNE,3495326237,2006,bruno.orsega@pec.agritel.it,,SI,no,SI,0,60,NO,NO,3.0,640,0.0,0.0,Mezzano,38050
109,LE ANTICHE GIARE,"VIA FERSINA, 30",3486563634,2006,armando.ciurletti@pec.agritel.it,,NO,no,NO,7,0,NO,SI,2.0,200,46.0406056,11.124124,Trento,38121
110,MASO LE 4 STAGIONI,LOC. GERONE,0464531120,2006,masole4stagioni@pec.coldiretti.it,,NO,no,SI,15,25,SI,SI,5.0,0,45.26757,10.30612,Arco,38062
111,PEDERZOLLI,LOC. PATOM,0461564608,2006,mariano.pederzolli@pec.agritel.it,,NO,no,NO,13,0,NO,NO,1.0,0,0.0,0.0,Arco,38062
112,AGRITUR BALCONE SUL BRENTA,"PIAZZA CENTRALE, N. 19",0463463175,2006,elena.sembianti@pec.agritel.it,,NO,no,NO,10,0,NO,NO,,0,46.307068,11.1183733,Predaia,38012
113,AGRITUR SARTORI,"VIA DE LE CLOSURE, N. 4",0463902593,2006,marco.sartori@pec.agritel.it,www.agrialpappartamenti.it,NO,no,NO,21,0,NO,NO,2.0,720,46.3435246,10.9049498,Croviana,38027
114,AGRITUR AL BAIT,LOCALITÀ MEANO 16,3283626483,2007,marco.osti62@cia.legalmail.it,,NO,no,SI,7,10,NO,SI,3.0,0,46.2109271,11.0474994,Spormaggiore,38010
115,AGRIHOUSE,"FRAZ. DERCOLO - VICOLO DELLA ROTONDA, N. 3",0461655818,2006,flavio.pezzi@cia.legalmail.it,www.agrihouse.tn.it,NO,no,NO,7,0,NO,SI,3.0,450,0.0,0.0,Campodenno,38010
116,MASO VILLA WARTH,LOC. MEANO VIA CASTEL GARDOLO 5,0461990786,2007,francescomoser@pec-it.it,,NO,no,NO,22,0,SI,NO,4.0,0,26.66667,87.5,Trento,38121
117,AL PARADIS,"FRAZ. PORTOLO VIA AL PARADIS, 1",0463450366,2007,mario.joris@pec.agritel.it,,NO,no,NO,21,0,NO,SI,4.0,0,47.27541,8.4897,Ville d'Anaunia,38019
118,BOTTAMEDI MATTEO,"VIA PEGORAR, N. 15",3356876792,2006,matteo.bottamedi@cia.legalmail.it,,NO,SI,SI,0,0,NO,NO,,0,46.1696976,10.9988768,Andalo,38010
119,CESA CIASATES,"FRAZ. GRIES LOC. COSTA, N. 14",0462602520,2007,debertolremo@legalmail.it,,NO,SI,NO,30,0,NO,NO,3.0,0,2.7373,31.88644,Canazei,38032
120,ZUCAL IVO,"VIA ENDRICI, N. 48",0463876022,2006,ivo.zucal@pec.agritel.it,,NO,no,NO,6,0,NO,NO,3.0,0,2.7373,31.88644,Romeno,38010
121,MASO PALU',"VIA FONTANA, N. 16",0461760804,2007,masopalu@pec.it,,NO,no,NO,15,0,NO,NO,2.0,0,2.7373,31.88644,Torcegno,38050
122,MALGA PRA' ALPESINA,LOC. DOSSIOLI,3201568674,2007,orazio.schelfi@pec.agritel.it,www.agriturprimofiore.it,SI,SI,NO,0,0,SI,NO,2.0,0,0.0,0.0,Avio,38063
123,AGRITUR PRIMO FIORE,LOCALITÀ FESTA 6/A,3297947758,2014,orazio.schelfi@pec.agritel.it,www.agriturprimofiore.it,NO,SI,SI,11,40,SI,SI,4.0,850,38.5,-0.5,Brentonico,38060
124,MASO PERTICA,"VIA STAZIONE, N. 9",0462231532,2007,marina.bonelli@pec.agritel.it,,NO,no,NO,14,35,SI,SI,4.0,0,27.58333,87.33333,Castello-Molina di Fiemme,38030
125,AGRITUR SCARENA,"VIA GUSELINI, N. 3/A",043967786,2007,antonio.pradel@pec.confagricolturatn.it ,,NO,no,NO,17,0,NO,NO,2.0,0,-5.875,39.32,Imer,38050
126,AGRITUR MONTE PIN,"FR. PREGHENA, N. 49",0463535033,2007,pancherimario@pec.confagricolturatn.it,www.agriturmontepin.it,NO,no,SI,16,0,SI,SI,4.0,800,2.7373,31.88644,Livo,38020
127,AGRITUR GIRASOLE,VIA S. GIORGIO 3,3297931886,2007,gianluigi.zadra@pec.agritel.it ,www.agriturgirasole.it,NO,no,NO,25,0,SI,SI,2.0,90,45.8996403,10.8693197,Arco,38062
128,MASO MAROCC,FRAZIONE POIA 90,0465702098,2007,lino.sansoni@pec.agritel.it,www.masomarocc.it,NO,no,NO,23,35,NO,SI,4.0,700,59.0,57.0,Comano Terme,38077
129,BORTOLAS LUISA,"VIA CERIN, N. 10",0462814731,2005,luisa.bortolas@pec.agritel.it,,NO,SI,SI,0,0,NO,NO,,0,2.7373,31.88644,Tesero,38038
130,MASO FONTANE,"LOC. FIBBIE, N. 6",0464518543,2007,simonetta.tonelli@pec.agritel.it,www.agriturmasofontane.it,NO,no,NO,26,0,NO,NO,2.0,150,45.908568,10.9015821,Arco,38062
131,AGRITUR DALLASERRA,FRAZ. TORRA VIA SANT' EUSEBIO N. 4,0463468495,2007,alessandro.dallaserra@pec.agritel.it,,NO,no,NO,25,0,NO,SI,3.0,0,26.58333,87.91667,Predaia,38012
132,AGRITUR IL FAVO,LOC. SACCONI N. 220,0465321345,2007,cantonatiluigi@pec.it,,NO,no,SI,0,60,SI,NO,4.0,0,25.75,85.41667,Porte di Rendena,38094
133,AGRITUR TENNO BIO NATURA,VIA DEI LAGHI N. 53,0464506142,2008,stefanoagriturtenno@pec.confagricolturatn.it,www.agriturtenno.it,NO,no,SI,14,10,SI,SI,4.0,430,45.9197203,10.8319555,Tenno,38060
134,AGRITUR PLANCHENSTAINER,VIA MIORELLI 60/A,0464521847,2008,planchenstainer@pec.it,,NO,no,NO,6,0,NO,NO,2.0,0,38.5,-0.5,Riva del Garda,38066
135,AGRITUR GIRARDELLI,VIA MARONE N. 13,0461521642,2008,info@pec.agriturgirardelli.com,www.agriturgirardelli.it,NO,no,NO,18,0,NO,SI,3.0,80,45.8966638,10.8383443,Riva del Garda,38066
136,AGRITUR VECCHIO BORGO,LOC. BRAILA,0464519549,2008,orlando.torbol@pec.agritel.it,www.agriturvecchioborgo.it,NO,no,NO,16,0,NO,NO,2.0,500,45.08333,27.66667,Arco,38062
137,AGRITUR LA TERRA,VIA CAPPUCCINI 6,0464519549,2017,orlando.torbol@pec.agritel.it,,NO,no,NO,14,0,NO,SI,4.0,0,45.9201085,10.8996283,Arco,38062
138,AGRITUR BEATRICI,FRAZ. RANZO - VIA DEL DOSSEL 5,0461844206,2008,giancarlo.beatrici@pec.agritel.it,,NO,no,NO,0,25,SI,NO,2.0,0,26.66667,87.5,Vallelaghi,38096
139,MASO DELLA SORGENTE,LOC. CASTROZZE LUPI N. 131,3349537721,2007,emanuela.poli@pec.it,,NO,no,NO,4,0,NO,SI,4.0,0,24.03,74.78,Castel Ivano,38059
140,AGRITUR PONTE ALTO,LOC. POVO - VIA ALLA CASCATA 27,0461811384,2008,furlanimatteo@pec.it,,NO,no,NO,23,20,SI,SI,5.0,0,0.0,0.0,Trento,38121
141,MALGA ARPACO,LOC. MALGA ARPACO,3404656476,2008,sandrioscarefigli@pec.it,,SI,no,SI,12,60,SI,SI,3.0,0,0.0,0.0,Cinte Tesino,38050
142,MALGA ARODOLO,LOC.  ARODOLO,3389009329,2008,luigi.bonelli@pec.agritel.it,,SI,no,NO,0,50,SI,NO,2.0,965,0.0,0.0,Castello-Molina di Fiemme,38030
143,LA STROPAIA,VIA DELLA PRESTALA N. 20,3495703243,2008,sara.sighel@cia.legalmail.it,,NO,no,NO,0,60,SI,NO,3.0,0,46.1347497,11.2624764,Baselga di Pinè,38042
144,SOCIETA' AGRICOLA MASO DELLO SPECK ,"LOC. POZZE DI SOPRA, N. 2",3401524315,2008,titospeck@pec-mail.it,,NO,no,NO,0,60,SI,NO,3.0,0,46.3041939,11.4383751,Ville di Fiemme,38033
145,AGRITUR MASO SAN BARTOLOMEO,VIA DI S. BARTOLOMEO N. 108,0463875601,2008,renzo.calliari@pec.agritel.it,,NO,no,NO,28,0,SI,SI,5.0,0,26.18,76.4,Romeno,38010
146,MALGA SCURA,LOC. ALTIPIANO DI MARCESINA,3387932468,2008,frisonrenato@pec.agritel.it,,SI,no,NO,0,0,SI,NO,2.0,0,0.0,0.0,Grigno,38055
147,AZIENDA AGRICOLA PENNER MARCO,LOC. MOS,0464783361,2008,no pec,,NO,no,SI,0,0,NO,NO,2.0,0,42.2,-8.6,Lavarone,38046
148,CA' DE MEL,FRAZ. STUMIAGA N. 40,0465736016,2008,socagrpeterlanazambotti@pec.it,www.cademel.it,NO,no,SI,11,0,SI,SI,3.0,610,17.83333,79.08333,Fiavè,38075
149,MONTI E CIELO,LOC. NOSLÈ,0461763874,2008,paolomontiecielo@pec.it,,NO,no,SI,0,0,SI,NO,,0,46.0805806,11.5134417,Castel Ivano,38059
150,AGRITUR LAURA,VIA ALLE PESCHERE N. 4,0464505824,2009,remo.menegatti@pec.agritel.it,www.agriturlaura.com,NO,no,NO,24,0,NO,NO,4.0,70,45.8749267,10.8752741,Nago-Torbole,38069
151,L'ALBERO DELLE MELE,VIA LOPPIO N. 1,0464918494,2009,aziendaagricolaraffaellipaolo@pec.coldiretti.it,www.alberodellemele.eu,NO,no,NO,0,0,NO,NO,2.0,0,47.27541,8.4897,Mori,38065
152,AL CERMOLO,VIA FRIENA N. 11,3495579460,2009,azagrmelalpina@cia.legalmail.it,www.agriturismoalcermolo.it,NO,no,NO,6,0,NO,SI,4.0,650,46.3608007,11.039362,Cles,38023
153,LOCANDA DE L'ARGUTA,VIA DELLE ISCHIE N. 37,3337614660,2008,alessandro.nicolli@pec.agritel.it,,NO,no,NO,18,0,SI,SI,3.0,0,46.0092902,11.1200142,Trento,38121
154,AZIENDA AGRICOLA CALLIARI GABRIELE,"VIA BELVEDERE, N. 24",0463830141,2009,gabriele.calliari@pec.agritel.it,,NO,no,SI,0,0,SI,NO,3.0,0,-17.82111,31.01806,Borgo d'Anaunia,38013
155,SANDRO,"VIA MARON, N. 4",0461643021,2009,no pec,,NO,no,NO,0,47,NO,NO,2.0,0,46.2384014,11.0303566,Sporminore,38010
156,CA' DEI VELI,LOC. PIFFERI N. 26 - LOC. CIMONERI,3496006994,2009,michela.larentis@cia.legalmail.it,,NO,no,NO,0,35,SI,NO,2.0,0,45.98426,11.07155,Cimone,38060
157,AGRITUR BELLA DI BOSCO,"VIA G. MENEGHELLI, 4/B",0463536596,2009,brentari.hermann@cia.legalmail.it,,NO,no,NO,16,0,NO,SI,3.0,0,41.66667,2.0,Predaia,38012
158,AGRITUR OLIVI,VIA MADONNINA N. 5/A,0464531558,2009,carlo.bertamini@pec.agritel.it,www.agriturolivi.com,NO,no,NO,20,0,NO,NO,2.0,150,45.9208016,10.8961847,Arco,38062
159,CLEMENTI,LOC. TREMOL 4/B,3298931977,2009,clementisergio@pec.it,,NO,no,NO,5,0,NO,SI,2.0,0,46.1627209,11.0866145,Terre d'Adige,38097
160,MALGA BASSON DI SOTTO,LOC. PASSO VEZZENA - VIA PER LUSERNA 5,3484309593,2009,no pec,,SI,no,NO,0,0,SI,NO,,0,26.66667,87.5,Levico Terme,38056
161,AGRITUR MAJON DE COLUZI,STRADA DEL PIZ N. 23,0462763159,2009,andrea.deluca@pec.agritel.it,,NO,no,NO,24,0,NO,SI,2.0,0,46.4300843,11.6945825,Pozza di fassa,38036
162,MASO LAITE,LOC. MASI DI MEZZO N. 35/B,0461548222,2009,lucia.raota@pec.agritel.it,,NO,no,NO,11,0,NO,SI,4.0,0,-5.999,39.266,Pergine Valsugana,38057
163,AGRITUR MASO TOLDIN,PRESSANO - LOC. MASO TOLDIN 12,0461870000,2008,ciro.devigili@cia.legalmail.it,,NO,no,NO,14,0,NO,NO,2.0,0,0.0,0.0,Lavis,38015
164,CASA DI CAMPAGNA,VIA GREZ 78,0464521252,2009,claudio.zanoni@pec.agritel.it,,NO,no,NO,6,0,NO,SI,2.0,0,45.8957594,10.85715,Riva del Garda,38066
165,AGRITUR ANTICO FIENILE,VIA DEI CAMORZI N. 17,3495432286,2009,fedrizziandrea@pec.it,,NO,no,NO,26,0,NO,SI,3.0,0,-8.74,117.5333,Mezzocorona,38016
166,AGRITUR DALSASSO,LOC. SPAGOLLE N. 9/A,3403915115,2009,giuseppe.dalsasso61@pec.it,,NO,no,NO,21,0,NO,NO,2.0,0,-5.875,39.32,Castelnuovo,38050
167,AGRITUR ALLA VEDUTA,LOC. COGNOLA - VIA ALLA VEDUTA 148,3485250247,2009,vivaicainelli@pec.confagricolturatn.it,,NO,no,NO,21,0,NO,SI,3.0,0,27.16667,79.0,Trento,38121
168,FIORE D'ULIVO,VIA BALLINO 13/C,3493589379,2009,fabio.pellegrini@pec.agritel.it,www.agriturismofioredulivo.it,NO,no,NO,6,0,NO,SI,2.0,70,45.9017262,10.8442946,Riva del Garda,38066
169,AGRITUR PIFFER,LOC. TORBISI 3/1,0461241727,2009,pifferdiego@pec.trovarti.it,,NO,no,NO,8,0,NO,SI,3.0,0,46.1417925,11.0991668,Lavis,38015
170,RIGO GABRIELLA,LOC. RELLE,0461754116,2009,gabriella.rigo@pec.agritel.it,,NO,no,NO,7,0,NO,SI,,0,0.0,0.0,Castel Ivano,38059
171,LAGHEL 7,LOC. LAGHEL N. 7,0464519543,2009,laghel7@pec.it,www.laghel7.it,NO,no,SI,8,0,NO,NO,3.0,360,2.7373,31.88644,Arco,38062
172,AZIENDA AGRICOLA TROTICOLTURA ARMANINI S.S.,VIA PONTE DEI TEDESCHI 2,0465685057,2009,armaniniss@pec.it,www.armanini.it,NO,no,SI,0,0,SI,NO,3.0,400,47.28167,8.45023,Storo,38089
173,AGRITUR ARCOBALENO,VIA BATTISTI 75,0463830224,2009,gabriella.tosolini@pec.agritel.it,,NO,no,NO,8,0,NO,SI,2.0,0,46.4377215,11.1368687,Borgo d'Anaunia,38013
174,PIANRESTEL,VIA GASTALDO 16,0462341001,2009,masocco.maurizio@pec.it,,NO,no,NO,20,40,SI,SI,5.0,0,46.2889601,11.4699894,Cavalese,38033
175,MEZZALONE,FRAZ. SCANNA 7,0463533446,2009,FILIPPI.FABRIZIO@CIA.LEGALMAIL.IT,,NO,no,NO,13,0,NO,SI,3.0,0,0.0,0.0,Livo,38020
176,LE PERGOLETTE,VIA CASTEL VALER 15,0463450176,2009,dalpiazmatteo@pec.confagricolturatn.it,www.agriturlepergolette.it,NO,no,NO,16,0,SI,SI,3.0,550,46.3360295,11.0485178,Ville d'Anaunia,38019
177,AGRITUR CAZZUFFI DI CAZZUFFI CLAUDIO SOCIETA' SEMPLICE AGRICOLA,LOC. PONT,3483608026,2009,agriturcazzuffi@pec.agritel.it,,NO,no,NO,10,50,SI,SI,2.0,0,48.31848,4.09447,Peio,38024
178,VINOTECA BONGIOVANNI,VIA S. ANTONIO 28,0464684388,2009,lorenzo.bongiovanni@pec.agritel.it,,NO,no,NO,0,0,SI,NO,,0,45.7421901,10.9551401,Avio,38063
179,MASO BESLERI,LOC. VALBONA 1,0461650342,2010,pojeresandri@pec.it,,NO,no,NO,12,0,SI,SI,,0,47.27541,8.4897,Cembra Lisignago,38034
180,AGRITUR CAPRA MAURO,VIA 18 SETTEMBRE,3358309249,2009,maurocapra63@pec.it,,NO,no,NO,10,0,NO,NO,2.0,0,46.0714555,11.4892538,Carzano,38050
181,MASO ROVER,LOC. MASO ROVER,3487379367,2009,alessandro.bosetti@pec.confagricolturatn.it ,,NO,no,NO,5,0,NO,NO,3.0,0,46.1616096,11.1123202,Lavis,38015
182,ALPENVIDEHOF,FR. TAVON - VIA DEL PIN 10,0463536472,2010,pollini.walter@pec.it,,NO,no,NO,17,0,NO,NO,2.0,0,-2.62833,-56.73583,Predaia,38012
183,ARRY'S FARM,VIA ALLE VILLE 11,3347806728,2010,a.depaoli@conafpec.it,,NO,no,NO,17,0,NO,NO,2.0,0,46.3507823,11.0904925,Predaia,38012
184,AGRITUR CASTEL VASIO,FRAZ. VASIO N. 52,3494731441,2009,no pec,,NO,no,NO,10,0,NO,SI,,0,2.7373,31.88644,Borgo d'Anaunia,38013
185,AGRITUR MALGA VALFONTANE,LOC. PASSO BROCON,3486535975,2008,sandri.carlo@pec.it,,SI,no,NO,7,20,SI,SI,2.0,0,0.0,0.0,Castello Tesino,38053
186,AGRITUR LA CORTE NONESA,FRAZ. TRAVERSARA CIVICO 51,3391851407,2010,francesco.avancini@pec.agritel.it,www.lacortenonesa.it,NO,no,NO,12,0,NO,SI,3.0,800,0.0,0.0,Novella,38021
187,AGRITUR ARTEMISIA,VIA CERIN 6,3498385989,2010,lorenza.mich@pec.agritel.it,,NO,no,SI,13,0,NO,SI,2.0,0,26.66667,87.16667,Tesero,38038
188,AGRITUR SANDRO,VIA MARON 4,3487690675,2010,tiziano.formolo@pec.agritel.it,www.agritursandro.it,NO,no,NO,14,0,NO,NO,2.0,515,46.2384014,11.0303566,Sporminore,38010
189,AGRITUR COL VERDE,STRADA AI BERSAGLI 2,3391881147,2010,bosinvalentino@pec.it,,NO,no,NO,18,0,SI,SI,4.0,0,46.2980921,11.5972651,Predazzo,38037
190,LA CORT DI NONA ROSA,FRAZ. NOMESINO - VIA DEI MILLE 8,0464917284,2010,rosa.salamon@pec.agritel.it,,NO,no,NO,8,0,NO,NO,2.0,0,6.13373,171.92471,Mori,38065
191,MASO SANTA LIBERA,VIA S. LIBERA 16,0462814047,2010,masosantalibera@pec.confagricolturatn.it,,NO,no,NO,12,0,NO,SI,3.0,0,46.2896186,11.5036314,Tesero,38038
192,AGRITUR AI SERCI,FRAZ. SERCI CIVICO 8/A,3383035723,2010,erman.dallona@pec.agritel.it,,NO,no,NO,9,25,NO,NO,4.0,0,38.5,-0.5,Giovo,38030
193,AGRITUR DUE VALLI,VIA PLAN 15,0463533402,2010,agriturduevalli@pec.it,www.agriturduevalli.it,NO,no,NO,10,0,NO,SI,2.0,750,46.398351,11.0056726,Cis,38020
194,CORYLETUM - BOSCO DI NOCCIOLI,VIA AL CASTEL BRAGHER 8,0463537045,2010,brentarif@pec.it,,NO,no,NO,7,0,NO,SI,2.0,0,0.0,0.0,Predaia,38012
195,MALGA SADOLE,LOC. SADOLE,3487120227,2010,lepezzate@pec.coldiretti.it,,SI,no,NO,0,35,SI,NO,,0,0.0,0.0,Ziano di Fiemme,38030
196,VILLANUOVA VACANZE,VIA 4 NOVEMBRE 8,3392997713,2010,giulianorizzi@pec.it,www.villanuovavacanze.it,NO,no,NO,14,0,NO,NO,4.0,800,46.4305059,11.1053373,Novella,38021
197,IL FILO D'ERBA,VIA CARMELO 12/A,3402285316,2010,filoderba@pec.coldiretti.it,,NO,no,SI,0,54,SI,NO,3.0,0,38.5,-0.5,Fai della Paganella,38010
198,MASI BRENTA,LOC. MASI BRENTA - SENTER 3,3286834421,2010,silvano.valle@pec.it,,NO,no,NO,18,20,SI,SI,2.0,0,26.91667,87.91667,Rovereto,38068
199,MASO FIORINI,LOC. MASO FIORINI N. 1,3488872541,2010,masofiorini@postagarantita.eu,,NO,no,NO,18,0,NO,SI,3.0,0,47.27541,8.4897,Isera,38060
200,LA PERGOLA,FRAZ. BORDIANA - VIA DEL BRENZ 47,0463902132,2010,giordano.filippi1964@pec.agritel.it,,NO,no,NO,0,25,NO,NO,2.0,0,53.38326,11.66564,Caldes,38022
201,AGRITUR CORNASEST,"VIA MEZZANE, N. 195",3397748813,2010,cornasest@lamiapec.it,,NO,no,NO,12,0,NO,SI,3.0,823,25.5,83.5,Sella Giudicarie,38087
202,AGRITUR RIBOSC,VIA DIAZ N. 28,0463421080,2010,ezioefigliss@pec.it,,NO,no,NO,24,0,NO,SI,3.0,0,2.7373,31.88644,Cles,38023
203,AGRITUR AI CASTIONI,VIA BELVEDERE N. 50,3331000647,2010,no pec,,NO,no,SI,11,25,SI,SI,4.0,0,46.149197,10.9768741,Molveno,38018
204,MASO ROSSO,FRAZ. SELVA - VIA MASI ROSSI 10,0461707379,2010,giuliano.pedrin@cia.legalmail.it,,NO,no,NO,9,45,NO,SI,2.0,0,44.00029,8.05884,Levico Terme,38056
205,CASA DEI PICCOLI FRUTTI,VIA DEI PRATI 36,3481543225,2011,tessadrielvio@pec.it,,NO,no,NO,21,0,NO,SI,3.0,0,46.06524,11.2367554,Pergine Valsugana,38057
206,IL GRANELLO,VIA STRADONE VECCHIO 13,3381331958,2011,aziendagricolailgranello@pec.it,,NO,no,NO,9,0,NO,NO,2.0,0,46.3304562,11.023457,Ville d'Anaunia,38019
207,AGRITUR MASC FASCIANE'L,LOC. VIDOR 1,3405875302,2011,luigi.deluca1965@pec.agritel.it,,NO,no,NO,21,0,NO,NO,2.0,0,47.27541,8.4897,Pozza di fassa,38036
208,MALGA BOFFETAL,LOC. MALGA BOFFETAL,3398406194,2011,gisella.turcato1962@pec.agritel.it,,SI,no,SI,0,20,SI,NO,,0,0.0,0.0,Vallarsa,38060
209,AZIENDA AGRICOLA ALLEVAMENTO DEL MAZAROL,LOC. ZORTEA 92,3475286580,2007,mazarol@innopec.it,,NO,no,SI,0,0,SI ,NO,2.0,0,48.85,2.2,Canal San Bovo,38050
210,MALGA ZELEDRIA,LOCALITÀ MALGA ZELEDRIA,3356620950,2011,falda@pec.coldiretti.it,,SI,SI,NO,6,0,NO,NO,,0,0.0,0.0,Pinzolo,38086
211,MALGA SASSO PIATTO,LOCALITÀ GIOGO DI FASSA - SASSO PIATTO,0328937895,2011,no pec,,SI,SI,NO,0,43,SI,NO,,0,46.41316,11.85765,Campitello di Fassa,38031
212,AGRITUR AI MASI,VIA GUÀ 3/A,3397210101,2011,pisonigermano@pec.it,,NO,no,NO,16,0,NO,SI,4.0,0,46.0234674,10.9592175,Madruzzo,38076
213,LUXURY,VIA SEGANTINI 47/G,0464514377,2011,rosamari.tagliaferri@pec.agritel.it,,NO,no,NO,11,0,NO,NO,2.0,0,41.8106653,12.7380702,Arco,38062
214,ARCOSOLE,VIA CROSETTA 4,0464514480,2011,stefano.amistadi@pec.agritel.it,www.arcosole.com,NO,no,NO,16,0,NO,SI,2.0,0,45.9134982,10.8631488,Arco,38062
215,AGRITUR SCOIATTOLO,VIA G. INAMA 10,0463536141,2011,renzorizzardi@pec.it,,NO,no,NO,10,0,NO,SI,3.0,0,0.0,0.0,Predaia,38012
216,CHALET  FOGAJARD,LOCALITÀ FOGAJARD 36,3382023899,2011,laselvatica@pec.it,,NO,no,NO,12,15,SI,SI,5.0,0,46.2058725,10.8186606,Pinzolo,38086
217,AGRITURISMO MASO RAUTER,LOCALITÀ CAMPREGHERI - MASO RAUTERI 16,3357628953,2011,roberta.tonezzer@pec.agritel.it,,NO,no,NO,9,0,NO,SI,3.0,0,0.0,0.0,Altopiano della Vigolana,38049
218,AGRITUR FONTANELLE,VIA DELLA CROCE 3,3409049081,2011,pretigionnyluigi@pec.it,,NO,no,NO,8,0,NO,SI,,0,46.3933105,11.044779,Novella,38021
219,AGRITUR ANSELMI,VIA ROMA 7,0463900081,2011,agrituranselmi@legalmail.it,www.agrituranselmi.com,NO,no,SI,30,45,SI,SI,5.0,750,46.3595284,10.9231835,Terzolas,38027
220,LA POLENTERA,VIA DEL SORINO 44,3392868959,2011,mauro.armanini@cia.legalmail.it,www.lapolentera.it,NO,no,NO,9,60,SI,SI,5.0,500,45.8614246,10.5710814,Storo,38089
221,LA REGINA DEI PRATI,LOCALITÀ MASI - VIA DELLAFIOR 20,3496082906,2012,agriturlareginadeiprati@pec.it,,NO,no,NO,19,20,NO,SI,4.0,0,0.0,0.0,Cavalese,38033
222,AGRITURISMO MALGA RIONDERA DI DELMONEGO ALICE ED ANDREA,LOCALITÀ RIONDERA,3481454784,2011,malgariondera@cgn.legalmail.it,www.malgariondera.it,SI,no,SI,23,23,SI,SI,5.0,800,0.0,0.0,Avio,38063
223,AZIENDA AGRICOLA BIVI,VIA AL CASTEL BRAGHER 8,0463537045,2011,ssbivi@pec.it,,NO,no,SI,0,0,NO,NO,1.0,0,0.0,0.0,Predaia,38012
224,AGRITUR PRIMO SOLE,FRAZIONE MECHEL 28,3388731132,2011,rosario.poletti@pec.agritel.it,www.agriturprimosole-valdinon.it,NO,no,NO,21,0,NO,SI,4.0,650,46.34859,11.01826,Cles,38023
225,AGRITURISMO BRUGNARA (MASO PONTARE),LOC. PRESSANO - VIA MARCONI 30,3203025541,2011,no pec,,NO,no,NO,21,0,NO,NO,2.0,0,45.61806,9.64546,Lavis,38015
226,MATTIVI LUCIANO,VIGO - VIA 26 MAGGIO 30,0461558748,2012,lucianomattivi@cia.legalmail.it,,NO,no,NO,10,0,NO,NO,2.0,0,46.123989,11.2422508,Baselga di Pinè,38042
227,AGRITUR KLOPHOF,VIA MASO SAN LORENZO 16,3472914399,2012,barbara.pisetta@cia.legalmail.it,,NO,no,SI,9,20,NO,SI,5.0,0,19.98917,-101.64583,Fierozzo,38050
228,AGRITUR AL VIGNETO,MARTIGNANO - LOCALITÀ MADERNO 16,3479651688,2012,ettore.anzelini@cia.legalmail.it,,NO,no,NO,17,0,NO,SI,2.0,0,46.08985,11.14064,Trento,38121
229,AGRITUR BONTEMPELLI,VIA PRESSENAGO,3386078681,2012,foraiforni@pec.it,www.maneggio.net,NO,SI,SI,14,25,SI,SI,4.0,925,0.0,0.0,Pellizzano,38020
230,"SOCIETA' AGRICOLA FR.LLI PELZ DI PELZ DIEGO, MICHELE E FRANCO S.S.",VIA 4 NOVEMBRE 61,3478144793,2009,fratelli.pelz@arubapec.it,,NO,no,NO,0,0,SI,NO,1.0,0,0.0,0.0,Cembra Lisignago,38034
231,GIOVANAZZI,LOC. S. GIORGIO - VIA ISCE,3807244874,2012,giovanazzipiffer@pec.coldiretti.it,www.agriturgiovanazzi.com,NO,no,NO,20,0,NO,SI,2.0,80,0.0,0.0,Arco,38062
232,AGRITUR TINGLER HOF,FRAZIONE ROVEDA - LOC. MASO TINGHERLA 181/1,3397620475,2012,tinglerhof@pec.coldiretti.it,,NO,no,NO,8,25,SI,SI,3.0,0,47.27541,8.4897,Frassilongo,38050
233,AGRITUR DAI MENEGHETTI,FRAZIONE SABBIONARA - VIA MORIELLE 45,0464684646,2012,daimenegheti@legalmail.it,,NO,no,NO,0,30,NO,NO,3.0,101,0.0,0.0,Avio,38063
234,AGRITUR MASO CAIANO,FRAZIONE VIGO LOMASO 44,0465701144,2012,andrea.dalponte@pec.agritel.it,,NO,no,NO,9,0,NO,SI,2.0,0,46.01334,10.86922,Comano Terme,38077
235,AGRITUR MALGA RONCHER DI CAVEDINE,LOC. VIOTE – MONTE BONDONE,0465701144,2017,andrea.dalponte@pec.agritel.it,,SI,no,NO,0,20,SI,NO,4.0,0,45.98806,11.03083,Cavedine,38073
236,AGRITUR MASO BORNIE,LOCALITÀ BORNIE 4,0461685315,2012,zatta.lorena@pec.it,,NO,no,NO,12,0,SI,SI,,0,26.58333,87.91667,Altavalle,38092
237,AGRITUR MASO GRISUN,FRAZIONE BORZAGO 54/B,3397147619,2012,masogrisun@pec.coldiretti.it,,NO,no,NO,16,0,NO,SI,4.0,0,41.66667,2.0,Spiazzo,38088
238,ARCO BED AND CAMPING,FRAZIONE ROMARZOLLO - VIA CROSETTA 22,0464518910,2012,amistadipederzolli@pec.coldiretti.it,,NO,no,NO,24,0,NO,NO,2.0,100,45.33845,11.48969,Arco,38062
239,CORTE DELLE MELE,VIA DEL RORO 12/A,0461724829,2012,antonio.menegoni@pec.confagricolturatn.it,,NO,no,NO,16,0,NO,SI,3.0,0,46.0019106,11.2677218,Caldonazzo,38052
240,AGRITUR CAMBRONCOI,LOCALITÀ CAMBRONCOI,3478508341,2012,aldo.paoli@pec.agritel.it,,SI,no,NO,9,45,SI,SI,3.0,925,0.0,0.0,Sant'Orsola Terme,38050
241,AGRITUR NEL VERDE,FRAZIONE TRAVERSARA 53,0463874295,2012,aldo.menghini@pec.agritel.it,NO SITO,NO,no,NO,9,0,NO,SI,2.0,890,44.41121,12.02522,Novella,38021
242,AGRITURISMO MASO NARANCH,LOCALITÀ NARANCH,3292212978,2012,masonaranch@postagarantita.eu,www.naranch.it,NO,no,NO,9,60,SI,SI,2.0,0,0.0,0.0,Mori,38065
243,AGRITUR IL TEMPO DELLE MELE,FRAZ. SAMOCLEVO - STRADA PROVINCIALE 65,3356830062,2012,michele.iachelini@pec.agritel.it,www.agriturdellemele.it,NO,no,SI,16,20,NO,SI,4.0,800,0.0,0.0,Caldes,38022
244,AGRITUR BENUZZI OBERHOFER,LOCALITÀ OLTRA 3,0464504218,2012,paola.benuzzi@cia.legalmail.it,www.agritur-oltra.com,NO,no,NO,12,0,NO,NO,2.0,123,45.966951,10.9136362,Dro,38074
245,MALGA SPORA,LOCALITÀ SPORA,3392787980,2012,ciccolinimassimo@pec.coldiretti.it,,SI,SI,NO,0,40,NO,NO,2.0,0,44.50456,9.53723,Spormaggiore,38010
246,MALGA STRAMAIOLO,LOCALITÀ STRAMAIOLO,0461558223,2012,postmaster@pec.malgastramaiolo.it,,SI,no,NO,18,60,SI,SI,5.0,0,46.16047,11.30673,Bedollo,38043
247,MASO ACQUASTILLA,VIA S. CATERINA 63,0461864157,2012,graziano.poli1965@pec.agritel.it,www.agrituracquastilla.it,NO,no,NO,21,0,NO,NO,2.0,100,45.9107905,10.8744698,Arco,38062
248,MASO COLER,FRAZIONE PIAZZOLA - LOC. COLER,3347075738,2012,stablum.mariaassunta@cia.legalmail.it,www.masocoler.it,NO,no,NO,8,0,NO,SI,2.0,1000,0.0,0.0,Rabbi,38020
249,AGRITUR VISTA LAGO,VIA DELLA CROCE 19,3487997787,2012,leonardo.paternoster@pec.agritel.it,www.agriturvistalago.it,NO,no,NO,11,0,NO,SI,2.0,693,46.3933105,11.044779,Novella,38021
250,AGRITUR BELLARIA,VIA CÀ VECIA,3807140827,2012,manicapaolo@legalmail.it,agriturbellaria@gmail.com,NO,no,NO,0,40,SI,NO,2.0,950,0.0,0.0,Villa Lagarina,38060
251,AZIENDA AGRICOLA MIRTILLA,FRAZIONE GAGGIO - CIVICO 17,3472500034,2012,azagrmirtilla@cia.legalmail.it,,NO,no,SI,0,0,NO,NO,,0,-8.74,117.5333,Segonzano,38047
252,MALGA VENEGIA,LOCALITÀ VAL VENEGIA,0439762119,2011,malghefosven@pec.coldiretti.it,,SI,SI,NO,6,60,NO,SI,,0,0.0,0.0,Primiero San Martino di Castrozza,38054
253,AGRITUR CIASA DO' PARE',STRADA DE DO PARÈ,0462768198,2012,aurora.brunel@pec.agritel.it,,NO,no,SI,6,42,SI,NO,5.0,0,46.3984477,11.668097,Soraga di Fassa,38030
254,AGRITUR CASTELLER,VIA AL CASTELLER 20,3939985655,2012,agriturcasteller@pec.net,,NO,no,NO,11,0,SI,SI,4.0,0,46.0271639,11.1362772,Trento,38121
255,LA FONTE AZIENDA AGRICOLA E FATTORIA DIDATTICA DI MONTI ELISABETTA E SARA S.S.A.,LOCALITÀ GRUIM - FRAZIONE MEZZOMONTE,0464720041,2012,az.agr.lafonte@pec.it,www.la-fonte.org,NO,no,SI,4,10,SI,NO,,760,0.0,0.0,Folgaria,38064
256,LA TORRETTA,LOCALITÀ GALLETTA 4,0461601508,2012,paolo.carli@pec.agritel.it,,NO,no,NO,16,0,NO,SI,4.0,0,46.2088861,11.1127342,Mezzolombardo,38017
257,AGRITUR MASO GREZI,VIA LAGHET 8/B,0320957592,2012,maineschristian@pec.coldiretti.it,,NO,no,SI,0,55,SI,NO,3.0,0,46.1612914,10.9997577,Andalo,38010
258,AGRITUR LA GEMMA,LOCALITÀ PIZOI 11,3408794350,2012,agriturlagemma@pec.it,,NO,SI,SI,17,23,SI,SI,4.0,925,0.0,0.0,Sant'Orsola Terme,38050
259,AGRITUR LA FAGITANA,VIA CASE SPARSE - LOC. THO 13/A,0461651025,2012,flora.bortolamedi@cia.legalmail.it,,NO,no,NO,8,0,NO,SI,3.0,0,38.5,-0.5,San Michele all'Adige,38010
260,MASO CHEMELA,VIA MARCO 30,0462239390,2012,masochemela@legalmail.it,,NO,no,SI,22,0,SI,SI,4.0,0,46.2899483,11.4704917,Cavalese,38033
261,BIO AGRITUR MASO CELESTA,LOCALITÀ VELON 10,0463758065,2012,bertoliniorlando@pec.coldiretti.it,,NO,SI,SI,0,30,SI,NO,3.0,0,37.9761,22.75985,Vermiglio,38029
262,LA STRIA DI BO',LOCALITÀ BÒ - VIA DEI CAMPI 25,0465503023,2012,mauro.povinelli@pec.agritel.it,,NO,SI,SI,0,0,SI,NO,2.0,0,44.58997,10.87769,Carisolo,38080
263,AGRIBALDO,LOCALITÀ FESTA 6/A,3484905433,2013,angelo.schelfi@pec.agritel.it,,NO,SI,NO,12,0,NO,NO,3.0,0,38.5,-0.5,Brentonico,38060
264,AGRICAMPEGGIO PAOLINO,LOCALITÀ PIETRAMURATA - VIA MAROCCHE 7,3492894600,2012,paolo.matteotti@pec.cgn.it,,NO,NO,NO,0,0,NO,NO,2.0,0,0.0,0.0,Dro,38074
265,AGRITUR MASO BARCO,LOCALITÀ MASO BARCO 12,3402248073,2013,agriturmasobarco@pec.it,,NO,NO,NO,20,0,NO,SI,2.0,0,46.2002428,11.1435981,San Michele all'Adige,38010
266,AGRITURISMO LA VAL,VIA BERSAGLIO 24,3332358694,2013,franco.debiasi@pec.agritel.it,,NO,NO,SI,16,25,SI,SI,3.0,0,45.998259,11.1942939,Altopiano della Vigolana,38049
267,SOTO AL CROZ,FRAZIONE MAGRÈ,3395613802,2013,sotoalcroz@cia.legalmail.it ,,NO,SI,SI,0,0,NO,NO,2.0,0,45.94265,11.28069,Lavarone,38046
268,MADONNA DELLE VITTORIE,VIA LINFANO 81,0464505542,2013,madonnadellevittorie@legalmail.it ,www.madonnadellevittorie.it,NO,NO,NO,10,60,SI,NO,3.0,90,45.8801723,10.8749659,Arco,38062
269,MASO BO`TES,FRAZ. VARIGNANO - LOC. OLIF DE BÒTES N. 1,0464510048,2013,masobotes@pec.postapat.info,www.agriturismomasobotes.it,NO,NO,NO,14,0,SI,SI,4.0,200,47.27541,8.4897,Arco,38062
270,AGRITUR AGUA BIENCIA,LOCALITÀ RAMON - PERA DI FASSA,0335308259,2013,chenettisilvano@pec.coldiretti.it,,NO,SI,NO,16,45,SI,SI,4.0,0,28.9383,53.6482,Pozza di fassa,38036
271,AGRITUR LA CORT,VIA PASSIRONE 29,3338797212,2013,bettarudi@legalmail.it,www.agriturlacort.it,NO,NO,NO,24,0,NO,SI,3.0,150,45.8988941,10.8632275,Arco,38062
272,AGRITUR MASO SANTA LUCIA,LOCALITÀ SANTA LUCIA 3,0464504008,2013,masosantalucia@legalmail.it,www.agritursantalucia.com,NO,NO,NO,24,0,SI,SI,4.0,120,45.9538667,10.9096234,Dro,38074
273,AGRITUR AL CANYON,VIA G. DE MARTINI 42,3392835358,2008,franchandrea@cia.legalmail.it,www.agrituralcanyon.it,NO,NO,SI,18,10,SI,SI,4.0,726,44.92405,7.43627,Novella,38021
274,MALGA VALMAGGIORE,LOCALITÀ VALMAGGIORE,3281876278,2013,sabrina.giacomelli@pec.agritel.it,,SI,SI,NO,0,58,NO,NO,2.0,0,45.75659,8.27829,Predazzo,38037
275,MALGA SUSINE,LOCALITÀ POLSA,044235107,2013,societaagricolafaben@legalmail.it,www.malgasusine.it,SI,SI,NO,0,30,SI,NO,3.0,1300,45.78327,10.94303,Brentonico,38060
276,AGRITUR EL MAS,STRADA SASLONCH 176,3405831022,2013,michelangelo.croce@pec.agritel.it,WWW.AGRITURELMAS.IT,NO,SI,SI,16,35,SI,SI,,0,46.3812998,11.6613068,Moena,38035
277,AGRITUR PARADISO,LOCALITÀ TRENCA,3287479787,2013,agriservizitn@pec.it,,NO,SI,NO,0,15,NO,NO,3.0,0,0.0,0.0,Roncegno terme,38050
278,MALGA CASAPINELLO,LOC. CASAPINELLO,3287479787,2014,agriservizitn@pec.it,,SI,SI,NO,10,10,NO,SI,2.0,0,0.0,0.0,Ronchi Valsugana,38050
279,AGRITUR MASO MOLIN,"LOC. LAGORAI, 3/A - FRAZ.MASI",0462230753,2013,masomolin@legalmail.it,,NO,SI,NO,21,0,NO,SI,2.0,1000,0.0,0.0,Cavalese,38033
280,AGRITUR RIZZI DI INAMA UGO,VIA APENA N. 8,3283633973,2013,ugo.inama@pec.it,,NO,NO,NO,19,0,NO,SI,0.0,0,46.3498085,11.0842682,Predaia,38012
281,MALGA BORDOLONA,LOCALITÀ ALPE BORDOLONA,3483695792,2013,alessandri.luca@cia.legalmail.it,,SI,SI,NO,17,60,SI,NO,2.0,0,0.0,0.0,Bresimo,38020
282,ANEGHE TANEGHE S.S.A.,VIA S.ANTONIO N.3 - FR.GRUMO,49-3643002,2013,aneghetaneghe@cia.legalmail.it,,NO,NO,SI,0,0,NO,NO,1.0,180,0.0,0.0,San Michele all'Adige,38010
283,AGRITUR GALENO,VIA CIMA NORA 34,0464789723,2013,obarlaitn@pec.agritel.it,,NO,SI,NO,24,60,NO,SI,4.0,0,45.9201835,11.3278436,Luserna,38040
284,BERRY HOUSE,LOCALITÀ POZZE 2,0461847019,2013,alessandra.paoli@pec.it,,NO,NO,SI,16,25,SI,SI,5.0,0,47.28167,8.45023,Altopiano della Vigolana,38049
285,AGRITUR MASO LENA,VIA SALITA ALLA CASCATA 3,3407128301,2013,fabio.dellagiacoma@pec.agritel.it,,NO,SI,NO,24,60,SI,SI,4.0,0,26.91667,87.91667,Predazzo,38037
286,MALGA BOCCHE,LOCALITÀ BOCE,3407128301,2014,fabio.dellagiacoma@pec.agritel.it,,SI,SI,NO,0,30,SI,NO,2.0,0,47.50678,-0.0821,Moena,38035
287,AGRITUR DAL PEROTIN,VIA BRENTA 70/A,3473133893,2013,PEROTIN.F@PEC.IT,,NO,NO,SI,7,25,SI,SI,4.0,0,46.005316,11.2721953,Caldonazzo,38052
288,AGRITUR RUATTI,FRAZIONE PRACORNO 95/A,0463901070,2013,aziendaruatti@cia.legalmail.it,www.agriturruatti.it,NO,SI,SI,30,40,SI,SI,4.0,1095,38.5,-0.5,Rabbi,38020
289,MASO SPERON D'ORO,FRAZ. MARCO - LOC. GAZZI 24,0464943189,2014,masosperondoro@pec.it,,NO,NO,NO,25,0,NO,NO,4.0,0,45.37398,10.74638,Rovereto,38068
290,AGRITUR SOLE LEVANTE,VIA DEGLI ALPINI 14,0463902690,2013,pancheri.lino@cia.legalmail.it,,NO,SI,NO,14,#VALORE!,SI,SI,3.0,0,46.3212673,11.0686337,Malé,38027
291,MALGA VALPIANA,LOC. VALPIANA,0463902690,2014,pancheri.lino@cia.legalmail.it,,SI,SI,NO,0,35,SI,NO,,0,43.00479,10.85032,Ossana,38026
292,AGRITUR MELANGO,VIA DANTE ALIGHIERI 7/B,3409191240,2013,bruno.lorenzetti@pec.agritel.it,,NO,NO,NO,3,0,NO,SI,2.0,0,46.453699,11.1198338,Borgo d'Anaunia,38013
293,NATURA AL TROTTO,FRAZ. MIOLA LOC. POGGIO DEI PINI,3498646041,2012,maria.moser1968@pec.agritel.it,,NO,NO,SI,0,0,NO,NO,2.0,0,39.14717,8.97139,Baselga di Pinè,38042
294,AGRITUR CASA PRETI,VIA NAZIONALE 22,0463432733,2014,donatopreti@pec.it,,NO,NO,NO,12,0,NO,SI,,0,46.3926903,11.0470778,Novella,38021
295,AGRITUR CALCAIOL,VIA DEI BERGAMINI 6,0461231684,2014,bampi.iobstraibizer@pec.coldiretti.it,,NO,SI,NO,0,60,SI,NO,4.0,0,46.0834468,11.144134,Trento,38121
296,AZIENDA AGRICOLA AI MASI,VIA S. DESIDERIO 11,0461721283,2014,aimasi@pec.confagricolturatn.it,,NO,NO,SI,0,0,NO,NO,2.0,0,46.022354,11.3595777,Novaledo,38050
297,AGRITUR VENTO ALPINO,VIA CANESTRINI 4,3404733135,2014,tavonattig@pec.it,,NO,NO,NO,12,0,NO,SI,2.0,0,46.3598901,11.0929463,Predaia,38012
298,AGRITUR BAITE DI PRA',FRAZ. BORZAGO - LOCALITÀ PRÀ,3357469189,2014,m2gaziendaagricola@legalmail.it,www.baitedipra.it,NO,NO,NO,15,25,NO,SI,4.0,1000,45.354,11.98225,Spiazzo,38088
299,MALGA VERNERA,LOCALITÀ VERNERA,3487262350,2014,remo.bazzanella@pec.agritel.it,,SI,SI,SI,0,50,SI,NO,2.0,0,44.51177,7.87831,Sover,38048
300,AGRITUR LASTE ROSSE,VIA 4 NOVEMBRE 33,3483345105,2014,pietropancheri@pec.it,,NO,NO,NO,0,0,SI,NO,,0,46.4305059,11.1053373,Novella,38021
301,AGRITUR MELISSA,VIA NAZIONALE 87,3358281980,2014,massimo.valorz@pec.agritel.it,www.agriturmelissa.it,NO,NO,NO,7,0,NO,SI,3.0,720,46.3440823,10.9026236,Croviana,38027
302,AGRITUR MAJON DA MONT,VIA STRADA DE VAL 11,3299355396,2014,filippo.rasom@pecagrotecnici.it,,NO,SI,NO,18,27,SI,SI,4.0,0,51.79495,3.91416,Vigo di fassa,38039
303,WINEVISTA,VIA VERDI 6,0464696116,2014,albinomartinelli@pec.it,,NO,NO,SI,0,0,SI,NO,2.0,0,26.66667,87.16667,Ala,38061
304,VERDEPIANO,VIA FANGOLINO 3,3336917855,2014,frizziamministrazione@pec.it,,NO,NO,NO,24,0,NO,NO,2.0,0,26.91667,87.91667,Riva del Garda,38066
305,CASA FABRI,VIA TRENTO 1/A,0463536878,2014, fausto.rizzardi@pec.agritel.it,,NO,NO,NO,6,0,NO,SI,2.0,0,46.347601,11.0827121,Predaia,38012
306,AGRITUR MALGA VALLAZZA,LOCALITÀ PASSO VALLES,3472609195,2012,maria.turra1964@pec.agritel.it,,SI,SI,NO,0,60,SI,NO,,0,46.33861,11.80039,Primiero San Martino di Castrozza,38054
307,AGRITUR LA DASA,LOCALITÀ DERCO 5,3475981396,2014,az.agricola.batisti@pec.agritel.it,,NO,SI,SI,14,40,SI,SI,,0,26.66667,87.5,Ledro,38067
308,AGRITUR AL RESTELAR,VIA MAS DAL CLOMPER,0463874546,2014,m.franch@pec.it,,NO,NO,NO,7,0,NO,SI,4.0,0,0.0,0.0,Novella,38021
309,AGRITUR AI STORTI,LOCALITÀ AI STORTI 4/Y,3332721102,2014,lino.frapporti@pec.agritel.it,,NO,NO,NO,0,25,SI,NO,2.0,200,62.16129,-149.85075,Isera,38060
310,DALLA NATURA LA SALUTE,VIA ALLA SEGA 5,3284263535,2014,dallanaturalasalute@pec.it,www.dallanaturalasalute.com,NO,NO,SI,18,0,SI,SI,5.0,0,46.147379,10.7715079,Giustino,38086
311,CASARIGA,LOCALITÀ POIA - VIA COL LONGHE 2,3336830517,2014,riga.info@arubapec.it,www.casariga.it,NO,NO,NO,21,0,NO,SI,4.0,0,47.28167,8.45023,Comano Terme,38077
312,AGRITUR MALGA POZZA,LOCALITÀ ALPE LUSIA,3408492019,2014,sara.defrancesco@pec.agritel.it,,SI,SI,NO,0,30,NO,NO,2.0,0,60.0,100.0,Moena,38035
313,AGRITUR LA META,FRAZ. POR - LOC. GNAVAL,3356215914,2014,marina.finazzi@pec.agritel.it,,NO,SI,NO,9,0,SI,SI,2.0,0,0.0,0.0,Pieve di Bono-Prezzo,38085
314,AGRITUR GIRASOLE,VIA ALLE LATE 12,3294058218,2014,emilio.ress@pec.agritel.it,,NO,NO,SI,21,0,NO,SI,3.0,0,46.1804905,11.0742778,Fai della Paganella,38010
315,AGRITUR LINDA,VIA S. ISIDORO 12,3473576904,2014,luigi.menegatti@pec.agritel.it,NO SITO,NO,NO,NO,16,0,NO,SI,2.0,0,45.9057051,10.868103,Arco,38062
316,CASADIPOIA,VIA MAZZINI 17 - LOC. POIA,0335227157,2015,alberto.leoni@geopec.it,NO SITO,NO,NO,NO,6,0,NO,NO,2.0,0,46.02845,10.87934,Comano Terme,38077
317,FLORICOLTURA SIRIANNI,VIA SPINE 2,3389196969,2015,michela.sirianni@pec.agritel.it,NO SITO,NO,NO,SI,0,0,NO,NO,2.0,575,47.28167,8.45023,Borgo Lares,38079
318,AGRITUR COBEI,"LOC. MASI DI SORNI, PANIZZA DI SOPRA 22",3319672482,2015,cobelli@pec.it,www.cobelli.it,NO,NO,NO,11,25,SI,SI,4.0,280,46.16858,11.12528,Lavis,38015
319,AGRITUR AL MANIERO,LOCALITÀ LE MARTINELLE 20,3467566096,2015,aziendagricolapedron@pec.it,www.agriturismoalmaniero.it,NO,NO,NO,16,0,NO,SI,2.0,0,46.0054846,11.1412772,Trento,38121
320,MASO BERGOT,VIA CERERE 61,3472197471,2015,info@pec.masobergot.it,,NO,NO,NO,18,0,NO,SI,2.0,0,45.9123668,10.8693566,Arco,38062
321,AGRITUR LA CIASA DEL FABIO,VIA DEL LAZARET 6,0329911003,2015,vittorio.dalri@pec.agritel.it,,NO,NO,NO,16,0,NO,SI,3.0,0,46.3302311,11.0390652,Ville d'Anaunia,38019
322,AGRITUR MASO CIPRIANNA DI ZAPPINI LINA,LOCALITÀ SERRA 1,0463985441,2015,lina.zappini@pec.agritel.it,,NO,SI,NO,10,0,SI,SI,2.0,0,47.27541,8.4897,Rabbi,38020
323,SOGNO IN BAITA,FRAZ. MIOLA LOC. FOVO ALTO,3317486194,2015,sognoinbaita@pec.cgn.it,,NO,NO,NO,12,0,NO,NO,2.0,0,34.46732,-83.57378,Baselga di Pinè,38042
324,FATTORIA DIDATTICA VALTRESIN,STRADA PER VALTRESIN 14,3477756808,2015,valtresin@pec.agritel.it,,NO,SI,SI,0,0,SI,NO,3.0,0,46.3088213,10.7556695,Pellizzano,38020
325,MALGA VALLORSARA,LOCALITÀ VALLE ORSARA,0464723165,2015,masoengher@cia.legalmail.it,,SI,SI,SI,10,60,SI,SI,,0,42.81667,13.31667,Folgaria,38064
326,AGRITURISMO MASO ALTO,LOCALITÀ MASI ALTI DI PRESSANO 9,3406645300,2015,andrea.simoni@pec.agritel.it,WWW.MASOALTO.COM,NO,NO,NO,12,0,SI,SI,3.0,0,27.58333,87.33333,Lavis,38015
327,AZIENDA AGRICOLA LE MANDRE,VIA S. OSVALDO 37,0461556709,2015,morenocasagranda@pec.coldiretti.it,www.lemandre.com,NO,SI,SI,0,60,SI,NO,3.0,0,0.0,0.0,Bedollo,38043
328,MALGA TRAT,FRAZ. LOCCA,3454466674,2015,lagenziana.sartori@pec.coldiretti.it,,SI,SI,NO,0,28,SI,NO,2.0,1502,45.89956,10.72532,Ledro,38067
329,AGRITUR AL MASO,LOCALITÀ MASO RAUTI 7,3356762208,2015,pio.depaoli@pec.it,,NO,NO,NO,11,0,SI,SI,,800,45.67329,20.93277,Predaia,38012
330,NESTALP MALGA CAMPO,LOCALITÀ MALGA CAMPO,3355459515,2015,alberto.podetti@pec.agritel.it,www.nestalp.com,SI,SI,NO,16,80,NO,SI,4.0,0,32.60645,-116.46891,Peio,38024
331,MASO SPEZIAL,LOCALITÀ CESUINO CIVICO 17,3288546068,2015,masospezial@pec.agritel.it,WWW.MASOSPEZIAL.IT,NO,NO,SI,16,0,SI,SI,5.0,0,-8.74,117.5333,Villa Lagarina,38060
332,MALGA PALU' AGRITUR,LOCALITÀ VEZZENA CIVICO 15,3487457944,2015,paolo.lorenzini1977@pec.agritel.it,,SI,SI,SI,0,0,SI,NO,2.0,0,0.0,0.0,Levico Terme,38056
333,MALGA FRATTE,LOCALITÀ PASSO VEZZENA,3475097650,2015,allaborba@pec.agritel.it,,SI,SI,SI,0,0,SI,NO,,0,0.0,0.0,Levico Terme,38056
334,ACETAIA DEL BALSAMICO TRENTINO,STRADA DI S. ZENO 2,0464550064,2015,acetaiapec@pec.it,www.acetaiadelbalsamico.it,NO,NO,SI,29,60,SI,SI,5.0,290,45.913028,10.8434084,Tenno,38060
335,AGRITURISMO NON SOLO MELE,"VIA 4 NOVEMBRE, 22",3286881804,2015,dominici.silvano@cia.legalmail.it,www.agriturnonsolomele.com,NO,NO,NO,10,0,NO,SI,4.0,0,46.3954195,11.0650743,Novella,38021
336,AGRITURISMO FATTORIA ATHABASKA,LOCALITÀ DEGGIA CIVICO9,3331328490,2015,cattafestass@pec.tn.it,www.athabaska.info,NO,SI,SI,6,0,SI,SI,3.0,619,0.0,0.0,San Lorenzo Dorsino,38078
337,VERDECRUDO,LOCALITÀ MASO MURARI 1,3405624737,2015,paolo.labanca@pec.agritel.it,www.verdecrudo.it,NO,NO,NO,7,20,SI,SI,4.0,480,47.27541,8.4897,Calceranica al Lago,38050
338,AGRITUR BY AGRINATUR PARK,VIA MENDOLA 75,3405342112,2015,giancarlo.abram@pec.it,,NO,NO,SI,10,10,SI,SI,3.0,1084,46.4266897,11.1538782,Ronzone,38010
339,AGRITUR BELSOGNO,FRAZIONE SALOBBI CIVICO 6,0463874170,2015,menghini.pietro@cia.legalmail.it,,NO,NO,NO,15,0,NO,SI,4.0,800,26.66667,87.16667,Novella,38021
340,AGRITUR MALGA COREDO ZUOL,LOCALITÀ MALGA NUOVA ZUOL,3282841400,2015,azsanromedio@cia.legalmail.it,,SI,SI,SI,0,50,SI,NO,,0,0.0,0.0,Predaia,38012
341,AGRITUR MALGA RODEZA,LOCALITÀ MALGA RODEZA,3282841400,2017,azsanromedio@cia.legalmail.it,,SI,SI,SI,0,60,SI,NO,3.0,0,0.0,0.0,Predaia,38012
342,AGRITUR MASO TEZZA,VIA MASO TEZZA 2,3406135628,2015,masotezza@pec.it,,NO,NO,NO,7,0,NO,NO,2.0,0,47.28167,8.45023,Telve,38050
343,AGRITUR PISANI,FRAZIONE SALOBBI CIVICO 7,3465761106,2015,pisaniaziendaagricola@pec.it,www.agriturpisani.com,NO,NO,NO,10,0,NO,SI,2.0,0,0.0,0.0,Novella,38021
344,AGRITUR LA SABBIONARA,VIA SABBIONARE 6,3291237272,2015,zambonisas@pec.agritel.it,,NO,SI,NO,10,25,NO,SI,4.0,0,46.0141677,11.1995579,Altopiano della Vigolana,38049
345,AGRITURISMO VALLAROM,VIA MASI 21,3357787324,2015,vallarom@pec.it,,NO,NO,SI,8,25,SI,SI,5.0,0,-0.918,120.2631,Avio,38063
346,AGRITUR AI MOLINI,VIA AI MOLINI 8,3405756464,2016,zenimassimo@pec.it,,NO,NO,NO,10,0,NO,SI,3.0,595,41.06104,15.23156,San Michele all'Adige,38010
347,AGRITUR CONCETTA,VIA MONTE CREINO 52,3455057478,2016,mazzucchiiginio@legalmail.it,,NO,SI,SI,14,46,SI,SI,2.0,0,45.8887991,10.947777,Ronzo-Chienis,38060
348,AGRITUR CAMPO FIORITO,VIA MASI DI SOPRA 9/2,3456010996,2016,ermes.bolognani@pec.agritel.it,www.campofiorito.net,NO,NO,NO,7,40,NO,SI,2.0,0,45.9647307,10.9774569,Cavedine,38073
349,GOLDEN PAUSE,VIA G. VERDI N. 16 - FRAZ. TOSS,0461657688,2016,goldenpause@pec.it,,NO,NO,NO,22,0,NO,SI,4.0,475,47.4789,8.70215,Ton,38010
350,AGRICAVEDINE,VIA FAITELLI 6,0461568662,2016,valentino.bellinilucini@pec.coldiretti.it,,NO,NO,NO,4,0,NO,SI,4.0,0,45.9958017,10.9717731,Cavedine,38073
351,MALGA CAINO,LOCALITÀ CAINO,3661974965,2016,anna.bresciani@pec.agritel.it,,SI,SI,SI,0,30,NO,NO,4.0,0,45.60939,10.31317,Borgo Chiese,38083
352,MALGA CANALI,LOCALITÀ MALGA CANALI,0043964491,2016,giovanni.turra@pec.agritel.it,,SI,SI,NO,0,50,NO,NO,2.0,0,40.90847,15.0183,Primiero San Martino di Castrozza,38054
353,AGRITUR PIASINA,VIA TRESSELUME 31,3351017632,2016,delladio.nicoletta@pec.it,www.agriturpiasina.it,NO,SI,NO,17,0,NO,SI,4.0,980,46.2834571,11.5248395,Tesero,38038
354,AGRITUR SIMONI,PIAZZA DEGLI ALPINI 13,0461684381,2016,simoniferrucciomichele@pec.agritel.it,,NO,NO,NO,0,25,SI,NO,2.0,0,46.1582629,11.1405538,Giovo,38030
355,EN GALAVRA,LOCALITÀ POIA,3468764684,2016,engalavra@pec.agritel.it,,NO,SI,SI,0,0,NO,NO,2.0,0,46.0270035,10.8788665,Comano Terme,38077
356,AGRITUR IELLICI MARIA TERESA DI SARDAGNA ALBINO,VIA AVISIO 26,3497461056,2016,albino.sardagna@pec.agritel.it,,NO,SI,NO,19,0,NO,NO,2.0,0,46.2794152,11.4364763,Castello-Molina di Fiemme,38030
357,MALGA PREGHENA,LOC. MALGA PREGHENA,3384553275,2016,agriturservis@pec.it,,SI,SI,SI,0,60,SI,NO,3.0,0,46.40926,11.01238,Bresimo,38020
358,MASO MARINI,LOC. MASO MARINI  VIA DEGLI ALTIPIANI,3491895620,2016,mattia.micheloni@pec.agritel.it,,NO,NO,NO,8,0,NO,SI,3.0,0,0.0,0.0,Calceranica al Lago,38050
359,AGRITUR GRAIFF VALERIA,VIA AL SANT 19,0463875240,2016,valeria.graiff@legalimail.it,,NO,NO,NO,9,0,NO,NO,1.0,0,46.3929483,11.1166796,Romeno,38010
360,AGRITUR VIN E AMOR,VIA DEI COLLI 2/A,0461421230,2016,soc.martinuzzi@pec.agritel.it,,NO,NO,NO,25,0,SI,SI,,0,45.9562769,10.9038432,Dro,38074
361,AGRITUR LE CAVADE,LOCALITÀ CAVADE 1,0328289922,2016,soc.toniolli.rts@pec.it,,NO,NO,NO,15,50,SI,SI,4.0,0,47.27541,8.4897,Cembra Lisignago,38034
362,FATTORIA DIDATTICA IL LEPROTTO BISESTILE,VIA CASTAGNÈ 12,3332192999,2016,illeprottobisestile@pec.coldiretti.it,,NO,SI,SI,0,0,SI,NO,2.0,0,46.006036,11.2299607,Altopiano della Vigolana,38049
363,AGRITUR CRISTINA,SMARANO VIALE MERLONGA 11 - ,0463536815,2016,alberto.brentari@pec.agritel.it,,NO,NO,NO,27,0,NO,SI,4.0,0,46.3481278,11.1083859,Predaia,38012
364,MALGA TOVRE,LOCALITÀ PRADEL,3297921809,2016,masopisoni@pec.agritel.it,,SI,SI,SI,0,80,SI,NO,2.0,0,0.0,0.0,Molveno,38018
365,MALGA GIUMELLA BASSA,LOC. VAL GIUMELLA,0335308259,2016,chenettisilvano@pec.coldiretti.it,,SI,SI,NO,0,40,NO,NO,2.0,0,0.0,0.0,Pozza di fassa,38036
366,AGRITURISMO IL MELOGRANO,VIA SAN SISTO 42,3343847113,2016,placido.flessati@pec.agritel.it,,NO,NO,NO,20,0,NO,NO,2.0,0,45.9104747,10.8775792,Arco,38062
367,ALTOGARDA AGRICAMP,VIA MANTOVA 35,3391249553,2016,virgilio.agnolin@cia.legalmail.it,,NO,NO,NO,0,0,NO,NO,2.0,0,45.9093426,10.8793658,Arco,38062
368,AGRITUR STEFENELLI,VIA SCUOLE 54,3332436394,2017,tullio.stefenelli@pec.agritel.it,,NO,NO,NO,10,0,NO,SI,2.0,0,45.8770853,10.8934261,Nago-Torbole,38069
369,AGRITUR MALGA PIE’,STRADA DE PALUA 22,3884665334,2016,malgapie@pec.agritel.it,www.malgapie.it,NO,SI,NO,18,30,NO,SI,2.0,0,46.3895775,11.6643831,Soraga di Fassa,38030
370,AGRITUR DAL FIOR LA CASA NEL BOSCO,MASO TESOBBO 11,3493567916,2016,stefania.dalfior@cia.legalmail.it,www.montetesobo.it;,NO,NO,SI,10,0,NO,SI,5.0,0,46.0517216,11.4012648,Roncegno terme,38050
371,AGRITUR MASO DORECH,LOCALITÀ DORECH,0461654255,2016,ristoranteviola@pec.it,,NO,NO,NO,0,20,SI,NO,2.0,0,0.0,0.0,Cavedago,38010
372,AGRITURISMO FLORANDONOLE,VIA AI DOSSI 22,3486107719,2016,agreenatural@mailboxpec.it,www.florandonole.it,NO,NO,NO,18,20,SI,SI,4.0,0,46.1800282,11.0726539,Fai della Paganella,38010
373,AZIENDA AGRICOLA GOSTNER ROBERTO,VIA DI VESPIAI 35,3402753987,2013,az.agr.robertogostner@pec.it,,NO,SI,SI,0,0,SI,NO,2.0,0,45.9637103,10.9604896,Drena,38074
374,AZIENDA AGRICOLA FEDEL MONICA,VIA DEL CADROBOL 32,3922828151,2016,garnivillalory@lamiapec.it ,,NO,NO,SI,0,0,NO,NO,2.0,0,46.1224846,11.2518256,Baselga di Pinè,38042
375,MALGA SASS,LOCALITA’ MALGA SASS,3922828151,2021,garnivillalory@lamiapec.it ,,SI,NO,SI,13,60,NO,SI,4.0,0,0.0,0.0,Valfloriana,38040
376,AGRITUR MALGA STABLAZ,LOCALITÀ STABLAZ CIVICO 1,3466810762,2016,ghirardini-anto@pec.it,,SI,SI,NO,8,60,NO,SI,2.0,0,47.27541,8.4897,Rabbi,38020
377,MALGA PALA,LOCALITÀ MALGA PALA – TONADICO,3402761031,2016,societaturra@pec.agritel.it,,SI,SI,NO,0,20,NO,NO,2.0,0,46.18111,11.83939,Primiero San Martino di Castrozza,38054
378,AGRITUR ALLE FONTANE,VIA LAGHEL 19,3476709276,2016,c.well@pec.iol.it,,NO,NO,SI,4,0,NO,NO,2.0,0,45.9236235,10.8862456,Arco,38062
379,AGRITUR MASO TAIS,LOCALITÀ TAIS,0461421230,2016,katia.iacconi@cia.legalmail.it,,SI,SI,SI,7,25,NO,SI,2.0,0,0.0,0.0,Primiero San Martino di Castrozza,38054
380,AGRITURISMO MALGA PLETZN,LOCALITÀ PLETZN DI VALCAVA,3488163490,2016,starbersntol@cia.legalmail.it,,SI,SI,NO,2,30,SI,SI,3.0,0,45.78416,9.51201,Fierozzo,38050
381,CALLIARIFIORI,VIA DEGASPERI 2,0464410443,2016,calliarifiori@pec.it,,NO,NO,SI,0,0,NO,NO,2.0,0,45.9195933,11.058282,Volano,38060
382,MASETTO EGIDIO,VIA DELLA RODA 6,3336323930,2016,enegygarden@pec.it,,NO,NO,NO,9,0,NO,SI,,0,46.0577425,11.5231529,Castel Ivano,38059
383,AGRITUR WEISS,STRADA DE SORA POZAT 11,3384340696,2016,weiss@pec.agritel.it,,NO,SI,NO,19,25,NO,SI,3.0,0,0.0,0.0,Vigo di fassa,38039
384,MAS DEI CHINI,VIA BASSANO 3,3356879379,2016,lachicadino@legalmail.it,,NO,NO,SI,20,60,SI,SI,4.0,0,46.0866753,11.1254478,Trento,38121
385,AGRITUR I COLORI,VIA DI S. GIOVANNI NEPUMICENO 23,3492977264,2016,fabrizio.zadra@pec.it,,NO,NO,NO,14,0,NO,SI,4.0,0,0.0,0.0,Sanzeno,38010
386,AGRITUR CASANOVA,VIA XXIV MAGGIO 77,3281570139,2016,riccardo.casanova@pec.agritel.it,,NO,SI,SI,0,0,SI,NO,2.0,0,46.3631491,10.6730462,Peio,38024
387,AGRITUR MAS DEL SARO,LOCALITÀ MAS DEL SARO 1,3427264291,2016,vea.carpi@pec.it,,NO,SI,SI,0,20,NO,NO,4.0,925,47.27541,8.4897,Sant'Orsola Terme,38050
388,AGRITUR ALLE GORGHE,STRADA ALLE GORGHE 17,0461448268,2017,agri_gorghe@pec.it,,NO,NO,NO,0,30,NO,NO,3.0,0,46.1317785,11.1394211,Trento,38121
389,MASO AL SOLE,STRADA AVISIO 25,3402301441,2015,masoalsole@pec.it,,NO,NO,SI,9,20,NO,SI,,0,46.0907688,11.1987323,Civezzano,38045
390,AGRITUR MARTINELLI MONICA,VIA GALILEI 8,3887583005,2017,monica.martinelli@pec.it,,NO,NO,NO,8,0,NO,NO,2.0,0,45.8855546,10.9441764,Ronzo-Chienis,38060
391,AGRITUR DARIAL,VIA CAVADA 61,0462814705,2016,agriturdarial@pec.it,www.agriturdarial.it,NO,NO,SI,12,0,NO,SI,,0,46.2897732,11.5114569,Tesero,38038
392,AGRITUR TREFRUTTI,VIA FIBBIE 1/B,3314267827,2017,pia.dallape@pec.agritel.it,,NO,NO,NO,12,0,NO,NO,2.0,0,41.66667,2.0,Arco,38062
393,MALGA BRIGOLINA,LOCALITÀ MALGA BRIGOLINA,3346623935,2017,socagrdallape@pec.it,,SI,SI,SI,0,#VALORE!,SI,NO,3.0,0,0.0,0.0,Trento,38121
394,MASO PERTENER,LOCALITÀ PERTENER,3385285127,2017,masopertener@pec.confagricoltura.tn.it,,NO,SI,SI,25,20,SI,SI,,0,0.0,0.0,Comano Terme,38077
395,AGRITURISMO RANCH DEI LUPI,LOCALITÀ CASTROZZE,  874 4454,2016,ranchdeilupi@pec.agritel.it ,,NO,SI,SI,8,0,NO,SI,,0,46.0715438,11.543652,Castel Ivano,38059
396,MASO NELLO,LOCALITÀ PINETA – MASO NELLO,3286629720,2017,maura.sandri@pec.agritel.it,,NO,SI,NO,9,25,SI,SI,3.0,0,0.0,0.0,San Michele all'Adige,38010
397,GIARDINO DELLA BIODIVERSITA’ MASO PLAZ,VIA CASE SPARSE 14,0473563100,2016,margesin@pec.net,,NO,NO,SI,0,32,SI,NO,2.0,0,45.85805,13.28518,Novella,38021
398,AL BAITO,VIA FORNO 5,3476488002,2017,fabriziogiacomelli@pec.agritel.it,,NO,SI,NO,0,40,SI,NO,2.0,0,45.9887376,11.2162704,Altopiano della Vigolana,38049
399,MALGA VAEL,LOCALITÀ VALE,3483204092,2017,socagrmuflonss@pec.it,,SI,SI,NO,0,10,NO,NO,2.0,0,43.98211,-117.23823,Vigo di fassa,38039
400,AGRITUR SOREIE,LOCALITÀ SOVEREI 2,3463875040,2017,franco.ghetta@archiworldpec.it,,NO,SI,SI,20,25,SI,SI,3.0,0,47.28167,8.45023,Vigo di fassa,38039
401,AZIENDA AGRICOLA MASO DA TILIO BAILO,LOCALITÀ FRADEA,3405776183,2017,valentina.zotta@pec.it,,NO,SI,SI,0,0,NO,NO,2.0,0,0.0,0.0,Castello Tesino,38053
402,MALGA FAI,LOCALITÀ MALGA FAI,0347908119,2017,socagrpalu@pec.coldiretti.it,,SI,SI,NO,0,45,SI,NO,2.0,0,64.83778,-147.71639,Fai della Paganella,38010
403,MASO KOFLER,LOCALITÀ MOLINI 80,3494989067,2017,maso.kofler@pcert.it,,NO,NO,SI,6,10,SI,NO,2.0,0,46.4468395,11.0076249,Rumo,38020
404,MALGA NAMBI,LOCALITÀ NAMBI,3465187675,2017,lorenzo.rocca@pec.agritel.it,,SI,SI,NO,3,20,SI,SI,4.0,0,0.0,0.0,Comano Terme,38077
405,AGRITUR MASO TOBEL,VIA RONCAGLIE 32,3357097262,2017,massimo.zumiani@ingpec.eu,,NO,NO,NO,20,0,SI,SI,2.0,0,45.04292,9.79631,Riva del Garda,38066
406,ABETE ROSSO,LOCALITÀ BASTIANELLI 2/A,0461657913,2017,abeterosso@pec.it,,NO,NO,NO,9,0,NO,SI,2.0,0,46.2564264,11.0815351,Ton,38010
407,AGRITUR SCALZERHOF,LOCALITÀ FROTTEN 108,3389591987,2016,andrea.petrianderle@cia.legalmail.it,,NO,NO,NO,10,0,NO,SI,2.0,0,26.18,76.4,Palù del Fersina,38050
408,TROTICOLTURA VINANTE,VIA CHIESA 2,3349310311,2017,az.agr.vinante@pec.coldiretti.it,,NO,NO,NO,0,25,SI,NO,2.0,0,46.2836032,11.4869551,Cavalese,38033
409,MASO BERGAMINI,VIA DEI BERGAMINI 10,0461983079,2017,maso.bergamini@pec.net,,NO,NO,NO,5,50,SI,SI,3.0,550,46.0828258,11.1451755,Trento,38121
410,SARCA HOUSE,VIA CARDUCCI 13,0464504241,2017,gianni.benuzzi@pec.agritel.it,,NO,NO,NO,6,0,NO,NO,2.0,0,45.9632661,10.9134497,Dro,38074
411,I DO LUMAZI,VIA VERDI 23,3487414492,2017,daniele.odorizzi@pec.agritel.it,,NO,NO,NO,0,10,NO,NO,2.0,0,46.1504314,11.1967375,Albiano,38041
412,AGRITURISMO L’ISOLA DI ARTURO,LOCALITÀ STRADA ALTA,0461871013,2017,,,NO,NO,NO,8,0,NO,SI,2.0,0,46.1567235,11.0800334,Terre d'Adige,38097
413,AGRITUR IL RITORNO,VIA VAL D’AMBIEZ,3403175054,2017,anita.cicco@pec.tn.it,,NO,NO,SI,0,22,SI,NO,2.0,0,0.0,0.0,San Lorenzo Dorsino,38078
414,AGRITURISMO FATTORIA FAMIGLIA DALCASTAGNE’,LOCALITÀ ZOCCA MOZILLE 1,3478838070,2017,daniele.dalcastagnè@pec.agritel.it,,NO,SI,SI,14,20,SI,SI,4.0,0,47.27541,8.4897,Torcegno,38050
415,AGRITUR BROCH,LOCALITÀ PASSO CEREDA 53,3463552382,2017,giulia.daldon@pec.agritel.it,,NO,SI,SI,14,50,SI,SI,2.0,0,46.18333,11.9,Primiero San Martino di Castrozza,38054
416,LA TERRAZZA DEI SAPORI,VIA NAZIONALE 2/B,3663146151,2017,azienda.agricolasavinelli@pec.it,,NO,NO,NO,0,50,SI,NO,2.0,0,46.3926903,11.0470778,Novella,38021
417,AGRITUR FIOR DI BOSCO,LOC. SICINA,3421711960,2017,masofiordibosco@pec.agritel.it,,NO,SI,NO,16,60,SI,NO,,852,46.23057,11.35916,Valfloriana,38040
418,AGRIROOM,VIA MOCENIGO 66,3288217164,2017,marchesi.renzo@legalmail.it,WWW.AGRIROOM.IT,NO,SI,SI,8,8,NO,SI,4.0,944,46.4446561,11.0140266,Rumo,38020
419,MASO MASERAC,FRAZ. VIGO LOMASO 81/B,3481435785,2017,francesco.poggiali@pec.agritel.it,,NO,NO,NO,3,0,NO,NO,2.0,0,41.66667,2.0,Comano Terme,38077
420,MASO SORTE,LOC. MASO SORTE,3887445762,2017,masosorte@pec.agritel.it,,NO,SI,NO,0,35,NO,NO,2.0,0,46.3739,11.64843,Castello-Molina di Fiemme,38030
421,AGRITURISMO AZIENDA AGRICOLA FILANDA DE BORON,VIA DON FAILONI 14,0347511042,2017,nicoladelmonte@pec.it,,NO,NO,NO,0,23,SI,NO,2.0,0,46.0365225,10.7231846,Tione,38079
422,AZIENDA AGRICOLA MASO CANOVA,VIA DI CANOVA 10,0000,2017,,,NO,NO,SI,0,0,NO,NO,,0,46.1086564,11.0379465,Vallelaghi,38096
423,0,0,046350052,2018,,,NO,SI,SI,0,0,NO,NO,,0,0.0,0.0,,
424,BOSC DEL MENEGHI’,VIA PIAVE 40/A,3895150167,2018,elisa.risatti@pec.agritel.it,,NO,NO,SI,18,23,SI,SI,4.0,0,45.871516,10.7721393,Ledro,38067
425,AGRITUR LA DOLCE MELA,VIA AL BELVEDERE 10,3483026525,2018,LARES@PEC.AGRITEL.IT,,NO,NO,SI,30,0,NO,SI,4.0,0,46.0894822,11.0044351,Vallelaghi,38096
426,AGRITUR CIASTEL,PIAZZA DEL CIASTEL 8,032942457,2018,PAOLETTOROSALBA@PEC.IT,,NO,NO,NO,8,0,NO,SI,2.0,0,46.3759126,11.0764195,Sanzeno,38010
427,L’ALBERO DELLA VITA DI PEDERZOLLI DAVIDE,FRAZ. CAVRASTO LOC. CANAL 3,3469521620,2018,davide.pederzolli@cia.legalmail.it,,NO,NO,SI,0,0,SI,NO,4.0,650,26.91667,87.91667,Bleggio Superiore,38071
428,MALGA TUENA,LOC. MALGA TUENA,3471701201,2018,ZANONII@PEC.IT,,SI,SI,SI,4,20,NO,SI,2.0,0,0.0,0.0,Ville d'Anaunia,38019
429,AGRITURISMO MASO MIRI’,ROMAGNANO VIA DEI POMARI 41,3477173396,2018,MARA.MITTESTAINER@CIA.LEGALMAIL.IT,,NO,NO,SI,16,24,SI,SI,2.0,0,46.0126418,11.1054698,Trento,38121
430,CASEIFICIO FONTANEL,VIA 3 NOVEMBRE 111,3488157530,2018,RICCCARDO.ZAMBOTTI@PEC.IT,,NO,SI,NO,0,0,SI,NO,2.0,0,45.9976544,10.8404466,Fiavè,38075
431,MALGA CONTRIN,LOCALITA’ CONTRIN CIVICO 1,3386227083,2018,HASELRIEDERKONRAD@LEGALMAIL.IT,,SI,SI,SI,0,66,NO,NO,2.0,0,47.27541,8.4897,Pozza di fassa,38036
432,CAMPING GRUMEL,STRADA RIVANA 46,0464540154,2018,GIANLUIGI.BERTOLDI@PEC.IT,,NO,NO,NO,0,0,NO,NO,2.0,0,45.8776186,10.897778,Nago-Torbole,38069
433,FATTORIA DIDATTICA MASO ZEPP,LOC. MASO GIOVANNI 7,3385302632,2018,,,NO,no,SI,0,0,NO,NO,,0,46.22282,11.26907,Altavalle,38092
434,MALGA VAL DEI BRENZI,MALGA VAL DEI BRENZI,3453009689,2018,SICHER.DEBORA@CIA.LEGALMAIL.IT,,SI,SI,SI,0,20,NO,NO,,0,46.2017002,11.0593355,Spormaggiore,38010
435,AGRITURISMO LA CAIGOLA,LOCALITA’ CAIGOLE 9,3483740950,2018,FEDERICA.CAPPELLETTI@PEC.AGRITEL.IT,,NO,NO,SI,6,30,NO,SI,2.0,0,45.7483088,10.9946752,Ala,38061
436,AGRILIFE,FRAZ. LOMASO – LOCALITA’ REDONDEL 1,3296637833,2018,,,NO,NO,SI,0,0,NO,NO,,0,47.27541,8.4897,Comano Terme,38077
437,AGRITUR LA COCCINELLA,FRAZIONE SANTA CROCE 10,3356748738,2018,AGRI.CALIARI@PEC.AGRITEL.IT,,NO,NO,NO,12,0,NO,NO,,0,43.77905,13.07538,Bleggio Superiore,38071
438,AGRITUR MALGOLA,LOCALITA’ MALGOLA 8,3479377841,2018,PETRUTALIGIA.IEPAN@PEC.AGRITEL.IT,,SI,SI,NO,0,25,SI,NO,2.0,0,0.0,0.0,Vermiglio,38029
439,AGRITUR COMAI,VIA DI SAN CASSIANO 9,3489001061,2018,marco.comai@pec.confagricolturatn.it,,NO,NO,NO,22,0,NO,SI,,0,27.58333,87.33333,Riva del Garda,38066
440,AGRITUR MASO FLONKERI,VIA BELVEDERE 7,0340680151,2019,nonna.ponomarenco@pec.agritel.it,,NO,NO,SI,7,16,SI,SI,3.0,0,46.0029359,11.223037,Altopiano della Vigolana,38049
441,AGRITUR VERDERAME,VIA DELLA SELVA 49,3492362486,2019,luca.laner@pec.agritel.it,www.agriturverderame.it,NO,NO,NO,16,0,NO,SI,3.0,0,46.0778504,11.1696254,Trento,38121
442,AGRITURISMO LA PIEVE,VIA S. EUSEBIO 4,3319076027,2019,cristina.dallaserra@pec.agritel.it,,NO,NO,NO,20,0,NO,NO,,0,26.58333,87.91667,Predaia,38012
443,AGRITUR PICCOLO FIORE FAMIGLIA PINTER,VIA SAN MARCELLO 40,0463469374,2019,pinter.ruggero@cia.legalmail.it,,NO,NO,NO,14,15,NO,SI,4.0,0,17.83333,79.08333,Predaia,38012
444,AGRITUR MASO FORCOLA,VIA CASE SPARSE 10,3474711167,2019,masoforcola@pec.agritel.it,,NO,NO,SI,15,25,NO,SI,,0,45.85805,13.28518,Novella,38021
445,MALESARDI SANDRO,FRAZIONE COMANO CIVICO 55,3488188692,2019,sandro.malesardi@pec.agritel.it,,NO,no,SI,0,0,NO,NO,,0,0.0,0.0,Comano Terme,38077
446,AGRITUR GIUSTINO IL CONTADINO,LOCALITA’ CAMPI ALLA CASETTA 1,3493456233,2019, giustinoilcontadino1@gmail.com ,,NO,NO,NO,4,60,NO,SI,,0,47.27541,8.4897,Vallelaghi,38096
447,ECO GREEN AGRITURISMO FIORES,STRADA DE LA PALA VERDA 5,3899309667,2019,fiores@pec.coldiretti.it,,NO,NO,SI,19,0,SI,SI,,0,26.66667,87.5,San Giovanni di Fassa,38036
448,AGRITUR ZIRIOEL,LOCALITA’ SOLAIOLO 16,??,2019,?,,NO,SI,SI,0,0,NO,NO,,0,46.29583,11.38551,Ville di Fiemme,38033
449,AGRITUR AI GELSOMINI,VIA CANEVARIE 43,0461602268,2019,roberto.andreatti@pec.agritel.it,,NO,NO,NO,18,0,NO,SI,1.0,0,46.2092096,11.0911954,Mezzolombardo,38017
450,AZIENDA AGRICOLA LA BARBERINA,PIAZZA SUGARINA 6,3475832805,2019,martina.campregher@cia.legalmail.it,,NO,NO,SI,20,14,SI,SI,3.0,0,26.66667,87.16667,Calceranica al Lago,38050
451,MASO LIMARO’ AGRICUCINA,SARCHE DI CALAVINO – LOCALITA’ LIMARO’ 2,3482213038,2019,omar.bernardi@arubapec.it,,NO,NO,NO,18,60,NO,SI,,0,47.28167,8.45023,Madruzzo,38076
452,MALGA CASTRIN,LOCALITA’ CASTRIN ,3287782407,2019,nardellimanuel@pec.it,,SI,SI,NO,15,20,NO,SI,4.0,0,0.0,0.0,Borgo d'Anaunia,38013
453,CAMPING LE MAROCCHE,VIA TREBI,3497373094,2019,pedrotti_gregorio@pec.it,,NO,NO,NO,0,0,NO,NO,2.0,0,45.9913548,10.9459254,Cavedine,38073
454,AGRITUR MALGA MONZONI,STRADA VAL MONZONI,3394214843,2019,giulio.brunel@pec.agritel.it,,si,SI,SI,0,60,SI,NO,,0,46.4297203,11.6854411,San Giovanni di Fassa,38036
455,AGRITUR AIRONE BED & CAMPING,VIA STRADA ROMANA 28/B,3396768993,2019,centroairone@pec.it,,NO,NO,SI,13,0,NO,SI,3.0,0,41.66667,2.0,Levico Terme,38056
456,MALGA CANDRIAI,STRADA DI CANDRIAI 2,3297206393,2019,danila.frizzi@cia.legalmail.it,,SI,SI,SI,12,40,SI,SI,,0,46.0669391,11.0820246,Trento,38121
457,AGRITUR ALLO STESSO CAMPO,SEREGNANO – VIA ALLE SPIANADE 19,3493329641,2019,mario.leonardi@pec.it,,NO,NO,NO,2,60,SI,SI,,0,46.0987992,11.2029242,Civezzano,38045
458,AGRITUR 8 GRAPPOLI,VIA GRAFFIANO 14/E,3474331891,2019,giorgialorenz@pec.it,,NO,NO,NO,18,0,NO,SI,,0,46.0602729,11.1498023,Trento,38121
459,MASO CARPENE’,VIA CARPENE’ 1,0464420613,2019,masocarpene@pec.it,,NO,NO,NO,13,60,NO,SI,,0,45.8829199,11.0011022,Isera,38060
460,ALESSANDRO SECCHI,LOCALITA’ COLERI 10,3475259029,2019,vitivinicolasecchialessandro@pecimprese.it,secchivini.it,NO,NO,NO,4,0,NO,SI,2.0,0,0.0,0.0,Ala,38061
461,AGRITUR LA CASA GIALLA,VIA DEI POMARI 31,3404213789,2019,espen@pec.confagricolturatn.it,,NO,NO,NO,5,0,NO,SI,,0,46.012265,11.1057307,Trento,38121
462,AGRITUR MASO ROCCA,LOCALITA’ MASO ROCCA,349O740102,2019,thomas.cavagna@pec.confagricolturatn.it,,NO,NO,NO,10,0,NO,NO,2.0,0,45.95435,11.75195,Ala,38061
463,AGRITURISMO SICHER,VIA BOLZANO 13/1,3466435635,2020,ruggero96@pec.it,,NO,NO,SI,13,10,SI,SI,1.0,0,46.1717464,11.1192617,Lavis,38015
464,AGRITUR SEDICI,VIA PIANARI,3481543226,2020,tessadriigor@pec.it,,NO,NO,NO,16,20,SI,SI,4.0,0,46.0219029,11.2565067,Tenna,38050
465,AGRICAMPEGGIO DA BERY,VIA VILLA ALTA 3,0000,2020,FELLANDVERONES@PEC.COLDIRETTI.IT,,NO,SI,NO,0,0,NO,NO,2.0,0,46.09764,11.0175818,Vallelaghi,38096
466,LA TENUTA,VIA DELLA SELVA 27/A  ,3479487005,2020,andrea.pellegrini@cia.legalmail.it,,NO,NO,NO,20,0,NO,NO,,0,46.0773581,11.1698515,Trento,38121
467,AGRITUR SAN ROMEDIO,VIA VILLA DI SOPRA 17 – SALTER,3381013345,2020,davidepellizzari63@cia.legalmail.it,,NO,NO,NO,11,0,NO,NO,,0,46.37899,11.10689,Romeno,38010
468,MALGA ZOCHI,LOCALITA’ MALGA ZOCHI,346o188900,2020,masobaron@pec.it,,NO,SI,SI,0,36,NO,NO,2.0,0,0.0,0.0,Caldonazzo,38052
469,AGRITUR CALVOLA,VILLE DEL MONTE 62,3485502645,2020,amedeo.depentori@pec.it,,NO,NO,NO,14,60,SI,SI,,0,45.9299831,10.8233788,Tenno,38060
470,BIOAGRITUR LA CASA TRAJERI,VIA AI DOSSI 30,0348765104,2020,p.perlot@conafpec.it,,NO,NO,SI,19,0,SI,SI,2.0,0,46.1800282,11.0726539,Fai della Paganella,38010
471,AGRITUR DEBAS,VIA DEL BASS 4,3481717996,2020,societaghezzi@pec.coldiretti.it,www.agriturismodebas.it,NO,NO,NO,16,0,NO,SI,,0,26.58333,87.91667,Riva del Garda,38066
472,AGRITUR FIORE,FRAZIONE VASIO CIVICO 1,3356535459,2020,covi.andrea@cia.legalmail.it,,NO,no,NO,23,0,NO,SI,,0,47.27541,8.4897,Borgo d'Anaunia,38013
473,AGRITUR MASO GOSSERHOF,MASO MOLINARI 43,3288858557,2020,federica.tomasi@pec.agritel.it,,NO,NO,NO,8,0,NO,NO,2.0,0,46.0848585,11.2914859,Frassilongo,38050
474,MALGA DOSSIOLI,LOCALITA’ DOSSIOLI,3403027041,2018,creazzissa@pec.it,,SI,SI,NO,0,20,SI,NO,2.0,0,0.0,0.0,Avio,38063
475,AGRITUR MASO ROMAN,LOCALITA’ UNTERSTOLL 109,3395340860,2020,guido.trentinaglia57@pec.it,,NO,SI,SI,0,30,SI,NO,3.0,0,0.0,0.0,Palù del Fersina,38050
476,AGRITUR MALGA SECINE,PASSO COSTALUNGA,3393347577,2020,rasom@pec.agritel.it,,SI,SI,NO,12,40,NO,NO,2.0,0,46.4044715,11.6086583,San Giovanni di Fassa,38036
477,AGRITURISMO RORE,VIA RORE 15,3484460595,2020,matteo.ferrai@pec.it,,NO,NO,NO,0,25,SI,NO,2.0,0,46.0594988,11.4722297,Telve,38050
478,AGRITUR BRUNORI,VIA DEGASPERI 13,0464394188,2017,STELLA.ALPINA@PEC.AGRITEL.IT,,NO,SI,NO,13,0,NO,NO,,0,0.0,0.0,Brentonico,38060
479,AGRITUR LA MAGIOLERA,VIA PIANA 5,3495187912,2020,stroppa.michele@pec.it,,NO,SI,SI,0,0,SI,NO,2.0,0,26.66667,87.5,Telve,38050
480,LA BAITA DEL TRETT,LOC. SAN VALENTINO – VIA PIZZAGROLA 1,3358441625,2018,malgatrett@pec.agritel.it,,SI,SI,NO,0,60,NO,NO,,0,47.27541,8.4897,Brentonico,38060
481,AZ. AGR. FAM. GILMOZZI – BIRRA DI FIEMME,FRAZ. MASI – LOC. SANTA 7,3388794727,2020,info@pec.birradifiemme.it,,NO,NO,SI,0,0,SI,NO,3.0,0,45.60634,9.30797,Cavalese,38033
482,POOLI MARIKA,LOC. VALLENE – VIA AI DOSSI ALTI 7,3454116342,2020,marika.pooli@cia.legalmail.it,,NO,SI,SI,0,0,NO,NO,,0,0.0,0.0,Vallelaghi,38096
483,AGRITUR CA' DEI GIANI,FRAZIONE MONTAGNAGA – VIA PER PERGINE 9,3283579484,2021,carlo.pintarelli@pec.agritel.it,,NO,NO,NO,18,0,NO,SI,,0,27.58333,87.33333,Baselga di Pinè,38042
484,AGRITUR BORTOLOTTI,VIA MONTESEI 2,0347380186,2021,bortolotti1947@pec.agritel.it,,NO,NO,SI,22,0,SI,SI,4.0,0,46.0685549,11.2401625,Pergine Valsugana,38057
485,AGRITUR AL GALLO NERO,VIA REVEDU’ 2/A,3488222981,2021,bebber.paolo@lamiapec.it,,NO,NO,NO,19,0,NO,NO,2.0,0,38.5,-0.5,Tenno,38060
486,VIVERE SUITES AND ROOMS,VIA GOBBI 30,3356345428,2021,vivere.post@pec.it,,NO,NO,NO,22,0,NO,SI,,0,45.9155304,10.8653372,Arco,38062
487,AGRITURISMO BLUM,LOCALITA’ SCONDANI,3289477879,2021,giovanna.zanghellini@pec.it,,NO,NO,SI,6,20,SI,SI,4.0,0,0.0,0.0,Castel Ivano,38059
488,AGRITUR MASO LIBRAR,VIA DI PRAMORGHEN 11,3485566249,2021,davide.mazzalai@pec.agritel.it,,NO,NO,SI,16,0,NO,SI,4.0,0,46.1110178,11.1382695,Trento,38121
489,AGRITURISMO LA CRUCOLA,VIA GIUSEPPE VERDI 5 – FLAVON,3888179484,2021,marco.tolotti@pec.agritel.it,,NO,NO,NO,15,0,NO,SI,4.0,0,46.29809,11.02993,Contà,38093
490,MALGA BOER,LOC. MALGA BOER,3381765732,2021,giuliano.decrestina@pec.agritel.it,,SI,SI,NO,0,48,SI,NO,2.0,0,46.3804389,11.8187946,Soraga di Fassa,38030
491,AGRITUR CHALET BELVEDERE,LOC. MASO PAIERLA 2,3392528710,2021,daniela.devigili@pec.agritel.it,,NO,NO,NO,9,0,NO,NO,,0,47.28167,8.45023,Giovo,38030
492,AGRITURISMO LE TERRE DI GU,PRANZO – VIA DI VAL 14,3473368431,2021,manuel.guella@pec.agritel.it,,NO,NO,SI,10,16,SI,SI,3.0,0,45.9244523,10.8185165,Tenno,38060
493,MALGA STABLETI,FRAZIONE SAN BERNARDO,3319725420,2021,edelweiss@pec.agritel.it,,SI,SI,SI,9,70,NO,SI,2.0,0,-33.59217,-70.6996,Rabbi,38020
494,AGRITUR MASO TRATTA,LOCALITA’ MASI DI PRESSANO 22/D,0335295798,2021,MASOTRATTA@LEGALMAIL.IT,,NO,NO,NO,24,14,NO,NO,,0,46.1482648,11.1125876,Lavis,38015
495,MALGA POLINAR,0,350O369849,2021,pangraz91@legpec.it,,SI,SI,SI,0,20,SI,NO,2.0,0,-29.9651549,-71.3063406,Rabbi,38020
496,MALGA DAIANO,PASSO LAVAZE’,3407359230,2021,scariansocietà@pec.agritel.it,,SI,SI,SI,0,70,NO,NO,2.0,0,46.3558474,11.485695,Ville di Fiemme,38033
497,FURLETTI WINES,VIA SEGA 36,3475228641,2021,gabriele.furletti@pec.agritel.it,,NO,NO,NO,0,0,SI,NO,2.0,0,45.9069421,10.8429315,Riva del Garda,38066
498,OLEEVA GARDA LIVING,VIA BRIONE,3356061957,2021,info@pec.cretti.it,,NO,NO,NO,24,0,NO,SI,2.0,0,45.8829162,10.8632008,Riva del Garda,38066
499,AGRITUR MASO SCHNEIDER,LOCALITA’ TASSA,3497354754,2021,varesco@pec.agritel.it , www.masoschneider.it,NO,SI,SI,15,0,SI,SI,2.0,0,0.0,0.0,Cavalese,38033
500,EL MALGET (MALGA PRADEDONT),LOCALITA’ MALGA PRADEDONT,3483695792,2021,dellalpe@cia.legalmail.it,,SI,SI,SI,6,30,NO,SI,4.0,0,0.0,0.0,Ville d'Anaunia,38019
501,MALGA CIMA VERLE,FRAZIONE VEZZENA – VIA DEI FORTI,3388013438,2021,socanita@pec.it,,SI,SI,NO,0,0,SI,NO,2.0,0,0.0,0.0,Levico Terme,38056
502,MALGA CENGLEDINO,LOCALITA’ MALGA CENGLEDINO,3341097342,2021,daniele.sartori@cia.legalmail.it,,SI,SI,NO,0,20,SI,NO,2.0,0,0.0,0.0,Tione,38079
503,AGRITUR MALGA ALTA,LOCALITA’ MALGA ALTA,3396682200,2021,piazzi.luca@cia.legalmail.it,,SI,SI,NO,4,70,NO,SI,2.0,0,42.67359,-95.29055,Pellizzano,38020
